ColNum,state,year,unemp,income,emppop,drinkage,youngdrivers,miles,fatal,nfatal,fatal1517,nfatal1517,fatal1820,nfatal1820,afatal,pop,pop1517,pop1820,milestot
1,al,1982,14.3999996185303,10544.15234375,50.6920394897461,19,0.211572006344795,7233.88720703125,839,146,53,9,99,34,309.43798828125,3942002.25,208999.59375,221553.4375,28516
2,al,1983,13.6999998092651,10732.7978515625,52.147029876709,19,0.21076799929142,7836.34765625,930,154,71,8,108,26,341.834014892578,3960008,202000.078125,219125.46875,31032
3,al,1984,11.1000003814697,11108.791015625,54.1680870056152,19,0.211484000086784,8262.990234375,932,165,49,7,103,25,304.872009277344,3988991.75,196999.96875,216724.09375,32961
4,al,1985,8.89999961853027,11332.626953125,55.2711372375488,19.6700000762939,0.211140006780624,8726.9169921875,882,146,66,9,100,23,276.742004394531,4021007.75,194999.734375,214349.03125,35091
5,al,1986,9.80000019073486,11661.5068359375,56.5144958496094,21,0.21340000629425,8952.853515625,1081,172,82,10,120,23,360.716003417969,4049993.75,203999.890625,212000,36259
6,al,1987,7.80000019073486,11944,57.509880065918,21,0.21552699804306,9166.3017578125,1110,181,94,11,127,31,368.420989990234,4082999,204999.8125,208998.453125,37426
7,al,1988,7.19999980926514,12368.6240234375,56.834529876709,21,0.21832799911499,9674.3232421875,1023,139,66,8,105,24,298.321990966797,4101992.25,201000.125,193000.515625,39684
8,az,1982,9.89999961853027,12309.0693359375,56.8932952880859,19,0.209012001752853,6810.15673828125,724,131,40,7,81,16,173.667999267578,2896996.5,140999.984375,156378.703125,19729
9,az,1983,9.10000038146973,12693.8076171875,57.5536308288574,19,0.203854992985725,6587.49462890625,675,112,40,7,83,19,196.889999389648,2977004.25,138999.890625,157521.4375,19611
10,az,1984,5,13265.93359375,60.379020690918,19,0.209126994013786,6709.97021484375,869,149,51,8,118,34,212.360992431641,3071995.75,138000.078125,158672.53125,20613
11,az,1985,6.5,13726.6953125,58.6485328674316,21,0.188427999615669,6771.2626953125,893,150,48,11,100,26,225.824005126953,3186998,140000.0625,159832.03125,21580
12,az,1986,6.90000009536743,14107.3271484375,60.2801818847656,21,0.17153899371624,8129.0078125,1007,173,72,19,104,30,242.826995849609,3278998,148000.140625,161000,26655
13,az,1987,6.19999980926514,14241,60.2150573730469,21,0.168724000453949,9370.654296875,937,172,50,16,99,25,241.779998779297,3385996.25,149000.21875,162000.296875,31729
14,az,1988,6.30000019073486,14408.0849609375,60.4976654052734,21,0.16100500524044,9815.720703125,944,136,54,14,100,14,238.233993530273,3488995,147999.9375,157000.65625,34247
15,ar,1982,9.80000019073486,10267.302734375,54.4758567810059,21,0.20490300655365,7208.50048828125,550,102,36,5,62,24,271.459014892578,2306998.5,121999.9921875,121269.5,16630
16,ar,1983,10.1000003814697,10433.486328125,53.8147926330566,21,0.194168999791145,7175.9169921875,557,88,35,2,65,19,247.856994628906,2324999,118000.0703125,120698.1015625,16684
17,ar,1984,8.89999961853027,10916.4833984375,54.6712799072266,21,0.186379998922348,7084.81982421875,525,81,34,2,72,24,182.707000732422,2346001.75,115000.0703125,120129.390625,16621
18,ar,1985,8.69999980926514,11149.3642578125,54.9771194458008,21,0.189291998744011,7253.91796875,534,73,45,7,56,13,198.154006958008,2359001,113000.0234375,119563.3671875,17112
19,ar,1986,8.69999980926514,11399.380859375,55.5618629455566,21,0.161956995725632,7468.9990234375,603,108,48,7,66,22,237.516998291016,2371000.5,115000.078125,119000,17709
20,ar,1987,8.10000038146973,11537,56.3308944702148,21,0.164131999015808,7665.83056640625,639,110,58,15,72,19,221.904998779297,2387999.5,115999.9921875,117000.875,18306
21,ar,1988,7.69999980926514,11760.3466796875,57.3669509887695,21,0.167540997266769,8024.62548828125,610,86,41,6,61,16,208.850006103516,2395002.75,114000.03125,109999.1015625,19219
22,ca,1982,9.89999961853027,15797.1357421875,59.5159301757812,21,0.190195992588997,6858.6767578125,4615,944,241,61,567,161,1379.13000488281,24785976,1157001.75,1321004.375,169999
23,ca,1983,9.69999980926514,15970.18359375,59.2523345947266,21,0.183568999171257,7216.29150390625,4573,856,232,39,513,141,1251.59997558594,25311062,1126000.5,1309863.125,182652
24,ca,1984,7.80000019073486,16590.109375,60.6982574462891,21,0.174131006002426,7619.17578125,5020,957,267,68,593,177,1421.81994628906,25795048,1104999.875,1298815.875,196537
25,ca,1985,7.19999980926514,16985.169921875,61.3317070007324,21,0.167896002531052,7874.06689453125,4960,887,302,65,545,139,1243.92004394531,26365028,1106000.25,1287861.75,207600
26,ca,1986,6.69999980926514,17356.037109375,62.0084686279297,21,0.164370998740196,8034.91015625,5253,880,318,62,571,141,1309.91003417969,27001048,1172000.25,1277000,216951
27,ca,1987,5.80000019073486,17846,63.0742950439453,21,0.160681992769241,8180.63330078125,5504,944,302,50,601,137,1431.56994628906,27663018,1163001.25,1268012.75,226301
28,ca,1988,5.30000019073486,18049.0859375,63.7836570739746,21,0.148683995008469,8531.990234375,5390,936,246,48,583,144,1246.7099609375,28314028,1126998,1227988.875,241575.015625
29,co,1982,7.69999980926514,15082.3388671875,64.9667358398438,21,0.229148000478745,7742.841796875,668,140,27,5,91,36,219.75,3071998.75,143000.140625,169956.84375,23786
30,co,1983,6.59999990463257,15131.880859375,67.3002166748047,21,0.207657992839813,7656.06298828125,646,146,44,12,68,20,217.350006103516,3149007.5,139999.875,167671.96875,24109
31,co,1984,5.59999990463257,15486.8134765625,68.6624221801758,21,0.192155003547668,7707.8525390625,608,104,53,14,71,14,202.940002441406,3189993.5,137000.109375,165417.8125,24588
32,co,1985,5.90000009536743,15569.9150390625,67.8541488647461,21,0.192028000950813,8092.20947265625,579,96,35,7,58,16,186.729995727539,3231008.75,137000.234375,163193.953125,26146
33,co,1986,7.40000009536743,15616.0986328125,64.9834442138672,21,0.192100003361702,8131.37451171875,603,116,50,9,76,18,175.369995117188,3265991.5,147000.015625,161000,26557
34,co,1987,7.69999980926514,15605,64.2182998657227,21,0.192999005317688,8182.02783203125,591,90,42,7,54,16,140.259994506836,3296004.5,143999.828125,156999.5625,26968
35,co,1988,6.40000009536743,15845.04296875,65.3044509887695,21,0.180260002613068,8380.7685546875,497,93,33,6,44,16,132.949996948242,3301009.75,136000.03125,149001.015625,27664.998046875
36,ct,1982,6.90000009536743,17255.369140625,61.729419708252,18.5,0.192840993404388,6440.0537109375,515,158,39,8,86,35,195.110000610352,3126992.5,169999.828125,162300.140625,20138
37,ct,1983,6,17744.265625,62.2944068908691,19.25,0.189349994063377,6570.04296875,438,118,29,11,61,28,171.220001220703,3140010,164000.25,160443.484375,20630
38,ct,1984,4.59999990463257,18760.439453125,65.0346832275391,20,0.181857004761696,6680.19287109375,469,126,32,6,65,25,171.699996948242,3154998.75,158999.890625,158608.078125,21076
39,ct,1985,4.90000009536743,19312.5,65.9109268188477,20.3299999237061,0.178947001695633,6979.21484375,448,103,35,1,53,15,150.75,3173996,155000.3125,156793.65625,22152
40,ct,1986,3.79999995231628,20152.734375,67.2427673339844,21,0.171669006347656,7661.74462890625,450,114,37,11,56,14,145.75,3193006.5,152000.03125,155000,24464
41,ct,1987,3.29999995231628,21192,67.6376724243164,21,0.166008993983269,8338.5341796875,449,102,31,3,42,11,165.509994506836,3210996,145999.84375,150000,26775
42,ct,1988,3,22193.455078125,67.06396484375,21,0.157067999243736,8061.2353515625,484,93,40,7,57,17,135.419998168945,3233003.25,135999.828125,143000.5,26062
43,de,1982,8.5,14263.7236328125,60.3104248046875,20,0.205542996525764,7651.65380859375,122,34,5,2,24,9,45.6500015258789,600001,31000.0625,36772.8984375,4591
44,de,1983,8.10000038146973,14500,59.8684196472168,20,0.199483007192612,8062.69970703125,110,26,8,2,9,3,33,606000.5,29999.962890625,36059.1640625,4886
45,de,1984,6.19999980926514,14925.2744140625,62.4190101623535,21,0.19318200647831,8368.0625,130,28,8,0,15,3,28.6800003051758,614001.125,29000.0078125,35359.27734375,5138
46,de,1985,5.30000019073486,15408.8984375,63.5593223571777,21,0.18334199488163,8625.4248046875,104,21,7,2,10,2,38.8800010681152,621998.375,27999.998046875,34672.9765625,5365
47,de,1986,4.30000019073486,15822.4970703125,64.5833282470703,21,0.177616998553276,9045.8173828125,136,33,10,5,18,6,45.5499992370605,632999.75,28999.96484375,34000,5726
48,de,1987,3.20000004768372,16407,65.5102005004883,21,0.169046998023987,9450.3076171875,146,27,9,3,9,1,41.8400001525879,644000.1875,28999.984375,33999.47265625,6086
49,de,1988,3.20000004768372,16998.07421875,67.5999984741211,21,0.158750995993614,9703.0205078125,160,32,9,1,19,2,42.8400001525879,660000.6875,27999.962890625,30000.15625,6404
50,fl,1982,8.19999980926514,13502.38671875,53.4878005981445,19,0.18147599697113,7587.1298828125,2653,587,148,35,259,86,810.760009765625,10478007,476999.28125,492108.40625,79498
51,fl,1983,8.60000038146973,13924.3115234375,53.7270774841309,19,0.177945002913475,7604.25439453125,2686,562,132,30,274,92,963.900024414062,10753980,467000.40625,497250.15625,81776
52,fl,1984,6.30000019073486,14307.6923828125,55.6210289001465,19,0.178719997406006,7735.3046875,2814,566,150,29,270,88,744.380004882812,11049985,459000.5625,502445.65625,85475
53,fl,1985,6,14760.5927734375,56.3685340881348,20,0.170072004199028,7747.31103515625,2832,490,146,24,239,79,690.200012207031,11366008,456999.78125,507695.375,88056
54,fl,1986,5.69999980926514,15102.1669921875,57.440544128418,21,0.162554994225502,7768.755859375,2830,530,173,39,263,92,806.840026855469,11694022,474999.375,513000,90848
55,fl,1987,5.30000019073486,15584,58.9433479309082,21,0.16125799715519,7788.33056640625,2839,493,166,32,227,75,778.969970703125,12022987,483000.40625,512994.34375,93639
56,fl,1988,5,15979.7880859375,59.7909317016602,21,0.157563000917435,8538.23046875,3078,573,184,42,278,73,794.75,12334992,477000.28125,492000.59375,105319.0078125
57,ga,1982,7.80000019073486,11774.462890625,60.0734405517578,19,0.21026399731636,8623.4443359375,1229,225,90,16,131,41,443.230010986328,5650990.5,303999.625,323855.625,48731.00390625
58,ga,1983,7.5,12237.3857421875,59.8554191589355,19,0.206981003284454,8518.58984375,1296,217,97,19,141,45,389.5,5732991,297000.3125,324141.34375,48837
59,ga,1984,6,12957.142578125,61.2119789123535,19,0.20533199608326,8641.9140625,1410,252,124,31,167,47,436.75,5841993,293000.125,324427.3125,50486
60,ga,1985,6.5,13364.4072265625,61.6513786315918,19.25,0.194928005337715,8988.107421875,1361,198,95,16,151,37,400.130004882812,5976008,294000.21875,324713.53125,53713
61,ga,1986,5.90000009536743,13891.640625,63.3033676147461,20.25,0.188868999481201,9344.767578125,1530,263,119,22,153,41,463.130004882812,6099991.5,310999.71875,325000,57003.00390625
62,ga,1987,5.5,14306,63.3208885192871,21,0.184329003095627,9690.28125,1599,264,113,13,134,29,470.429992675781,6222007.5,315000.125,324000.1875,60293.00390625
63,ga,1988,5.80000019073486,14687.19921875,64.063850402832,21,0.174882993102074,9817.3955078125,1653,272,125,15,171,49,484.880004882812,6342008,312000.03125,307001.8125,62262
64,id,1982,9.80000019073486,11078.7587890625,58.8235321044922,19,0.233786001801491,8033.751953125,256,47,29,4,38,10,76.7900009155273,977998.8125,47999.97265625,52247.95703125,7857
65,id,1983,9.80000019073486,11346.330078125,59.8550720214844,19,0.228551000356674,8387.6416015625,263,44,15,4,38,12,88.2799987792969,988001.25,46999.9921875,51676.6640625,8287
66,id,1984,7.19999980926514,11386.8134765625,61.3733901977539,19,0.218235999345779,7775.76806640625,242,34,24,2,26,8,79.6600036621094,999001,47000.02734375,51111.6171875,7768
67,id,1985,7.90000009536743,11459.74609375,61.285717010498,19,0.212605997920036,7671.6318359375,255,53,17,7,38,13,73.6500015258789,1005001.3125,47000.015625,50552.75390625,7710
68,id,1986,8.69999980926514,11541.7958984375,61.1032562255859,19,0.207312002778053,7899.20068359375,258,48,33,5,31,10,84.0199966430664,1002000.125,49000.03125,50000,7915
69,id,1987,8,11859,61.1814308166504,20.5,0.202262997627258,8135.2685546875,262,53,22,5,34,11,78.1800003051758,998000.25,48999.95703125,48000.2265625,8119
70,id,1988,5.80000019073486,12189.60546875,62.9009780883789,21,0.189994007349014,8102.68212890625,257,36,22,4,30,6,72.8000030517578,1003001.1875,48000.03515625,46999.83984375,8127
71,il,1982,11.3000001907349,14743.4365234375,58.0743179321289,21,0.209362000226974,5696.53466796875,1651,418,106,23,203,80,532.989990234375,11478031,583000.5625,618339,65385
72,il,1983,11.3999996185303,14745.4130859375,57.7456588745117,21,0.205004006624222,5862.8681640625,1526,362,96,18,187,64,501.100006103516,11490963,559998.625,605350.75,67370
73,il,1984,9.10000038146973,15390.1103515625,59.136287689209,21,0.195511996746063,6067.5283203125,1547,343,99,27,179,62,462.279998779297,11521990,541001.3125,592635.25,69910
74,il,1985,9,15602.75390625,59.7035636901855,21,0.192187994718552,6141.67626953125,1534,304,73,13,162,45,396.690002441406,11534962,529999.4375,580186.875,70844
75,il,1986,8.10000038146973,15988.6484375,60.3432426452637,21,0.185556992888451,6345.77734375,1596,354,108,20,178,64,475.670013427734,11550988,541000.875,568000,73300
76,il,1987,7.40000009536743,16417,60.9998893737793,21,0.182501003146172,6540.84619140625,1660,326,100,18,173,54,437.109985351562,11581988,531999.8125,552998.3125,75756
77,il,1988,6.80000019073486,16915.302734375,61.5970840454102,21,0.170911997556686,6757.61279296875,1837,364,110,23,210,68,506.850006103516,11614013,508001,517994.125,78483
78,in,1982,11.8999996185303,12282.81640625,56.422924041748,21,0.202989995479584,7149.91748046875,961,235,65,21,127,45,348.890014648438,5483000.5,284000.28125,310440.28125,39203
79,in,1983,11.1000003814697,12364.6787109375,56.4842224121094,21,0.18019799888134,7277.50634765625,1016,212,65,11,130,43,346.769989013672,5473990.5,271999.53125,303874.875,39837
80,in,1984,8.60000038146973,13008.791015625,58.7196464538574,21,0.103285998106003,7478.88720703125,925,191,83,20,102,32,351.450012207031,5491993.5,263999.9375,297448.28125,41074
81,in,1985,7.90000009536743,13161.0166015625,61.4369506835938,21,0.18511900305748,7416.2529296875,974,166,77,14,109,31,302.450012207031,5499003.5,259999.859375,291157.625,40782
82,in,1986,6.69999980926514,13582.04296875,62.4514579772949,21,0.120420001447201,7714.322265625,1038,192,83,15,119,34,290.309997558594,5503011,270000.375,285000,42452
83,in,1987,6.40000009536743,13937,61.9288139343262,21,0.097662001848221,7977.2158203125,1055,194,100,20,99,32,254.860000610352,5531002.5,270000.28125,278998.96875,44122
84,in,1988,5.30000019073486,14363.8115234375,63.4064903259277,21,0.073137000203133,9201.576171875,1101,202,90,19,132,36,322.399993896484,5556004.5,260999.6875,260001.171875,51124
85,ia,1982,8.5,12968.9736328125,60.0277900695801,19,0.216398999094963,6653.26318359375,480,87,52,6,59,19,219.279998779297,2906994.5,144000.046875,159388.625,19341
86,ia,1983,8.10000038146973,12573.39453125,60.444652557373,19,0.204322993755341,6770.3076171875,514,123,42,10,77,36,211.559997558594,2904004,137999.921875,155393.765625,19661
87,ia,1984,7,13203.296875,60.7407379150391,19,0.193046003580093,7060.63037109375,420,100,32,7,62,29,168.690002441406,2902998.5,132999.71875,151499.046875,20497
88,ia,1985,8,13351.6953125,60.4932556152344,19,0.184236004948616,7001.03759765625,474,85,37,6,71,21,182.751007080078,2884001,128999.8671875,147701.9375,20191
89,ia,1986,7,13812.177734375,62.523365020752,20,0.178267002105713,7192.990234375,441,93,49,5,65,25,146.97900390625,2849997,132000.046875,144000,20500
90,ia,1987,5.5,14284,64.0318069458008,21,0.172570005059242,7342.25732421875,491,91,42,6,55,16,186.089996337891,2834005.75,128000,138000.25,20808
91,ia,1988,4.5,14111.6455078125,66.6821746826172,21,0.15633000433445,7730.0634765625,557,106,40,8,63,22,182.050994873047,2834000,120000.1171875,125999.9921875,21907
92,ks,1982,6.30000019073486,14094.2724609375,62.7329177856445,21,0.213104993104935,7333.0693359375,498,88,30,7,56,18,288.304992675781,2407995.75,111000.1171875,134654.734375,17658
93,ks,1983,6.09999990463257,13917.431640625,62.4439468383789,21,0.204552993178368,7479.61083984375,411,76,30,3,59,28,185.429000854492,2426998,105999.9453125,131373.015625,18153
94,ks,1984,5.19999980926514,14308.791015625,63.1197738647461,21,0.195034995675087,7670.8876953125,510,96,32,6,60,22,208.669006347656,2440004.5,102000.15625,128171.28125,18717
95,ks,1985,5,14631.35546875,65.5518417358398,21,0.190181002020836,7867.33349609375,486,89,29,3,61,20,231.75,2450004.25,100999.8984375,125047.578125,19275
96,ks,1986,5.40000009536743,14977.2958984375,64.40771484375,21,0.183509007096291,8100.05322265625,500,110,38,7,63,30,216.014007568359,2458996.25,107000.0625,122000,19918
97,ks,1987,4.90000009536743,15152,65.7751083374023,21,0.179385006427765,8304.130859375,491,112,37,10,62,24,184.430999755859,2475996.5,104999.984375,118000.8359375,20560.998046875
98,ks,1988,4.80000019073486,15167.46875,66.1430130004883,21,0.170375004410744,8481.35546875,483,95,34,7,59,27,161.535003662109,2495002.25,102000.1015625,110000.7421875,21161.001953125
99,ky,1982,10.6000003814697,11071.5986328125,55.8398246765137,21,0.195235997438431,6937.4658203125,822,159,67,14,113,37,279.195007324219,3694000.25,193999.890625,208284.1875,25627
100,ky,1983,11.6999998092651,10913.9912109375,55.2205848693848,21,0.202714994549751,7194.142578125,778,148,73,14,92,35,262.608001708984,3713993.75,187000.15625,205142.796875,26719
101,ky,1984,9.30000019073486,11441.7578125,56.9022369384766,21,0.191641002893448,7513.703125,754,126,55,10,87,21,236.671997070312,3720003.25,181000.234375,202048.765625,27951
102,ky,1985,9.5,11405.720703125,55.8994903564453,21,0.202641993761063,7654.33544921875,712,117,61,16,84,18,203.75,3725993,176999.875,199001.40625,28520
103,ky,1986,9.30000019073486,11602.68359375,55.5797119140625,21,0.179629996418953,7859.62060546875,805,142,58,18,89,22,244.906005859375,3726006.75,182999.9375,196000,29285
104,ky,1987,8.80000019073486,12008,55.3873901367188,21,0.173934996128082,8135.244140625,844,121,80,10,87,17,255.850997924805,3726993.25,183000.1875,192002.109375,30320
105,ky,1988,7.90000009536743,12340.7119140625,56.579418182373,21,0.166122004389763,8482.435546875,838,107,77,9,93,20,224.850006103516,3726995.5,177000.109375,178000.65625,31614
106,la,1982,10.3000001907349,12213.603515625,53.747184753418,18,0.281495988368988,6137.798828125,1091,230,58,15,155,49,378.609008789062,4383004.5,239999.671875,251680.296875,26902
107,la,1983,11.8000001907349,11994.265625,53.3670539855957,18,0.243498995900154,6208.74169921875,933,168,66,13,117,31,362.470001220703,4440996.5,235000.046875,248966.65625,27573
108,la,1984,10,12017.58203125,54.8822593688965,18,0.281625002622604,7080.9384765625,961,222,70,19,119,53,407.527008056641,4460990.5,227000.015625,246282.265625,31588
109,la,1985,11.5,11972.4580078125,54.9546737670898,18,0.20286899805069,7445.87841796875,931,194,61,8,118,46,360.648986816406,4481002.5,221000.078125,243626.8125,33365
110,la,1986,13.1000003814697,11602.68359375,53.7123336791992,18,0.19608299434185,7108.68603515625,932,181,57,12,108,32,351.912994384766,4499003,221999.796875,241000,31982
111,la,1987,12,11515,53.64404296875,20.5,0.182695999741554,6859.20751953125,827,174,58,11,82,24,303.575012207031,4461011,214000.03125,230998.921875,30599
112,la,1988,10.8999996185303,11830.6064453125,53.8485832214355,21,0.170625001192093,7867.97705078125,925,208,57,12,108,39,313.572998046875,4407994.5,203999.828125,208998.5625,34682
113,me,1982,8.60000038146973,11442.720703125,55.9905128479004,20,0.18758299946785,6733.28564453125,166,30,11,2,26,6,75.2399978637695,1135998.125,60999.953125,62254.05859375,7649
114,me,1983,9,11795.87109375,57.259952545166,20,0.183961004018784,6920.51708984375,224,44,22,4,30,9,91.5950012207031,1145001.125,59000.0546875,61682.7265625,7924
115,me,1984,6.09999990463257,12271.4287109375,59.7687835693359,20,0.17951999604702,8083.908203125,232,47,15,2,39,12,71.8000030517578,1156000.25,57999.9296875,61116.63671875,9345
116,me,1985,5.40000009536743,12609.1103515625,59.7714309692383,20.5,0.174748003482819,7969.93408203125,206,39,18,4,31,4,58.5999984741211,1163999.625,55999.92578125,60555.7421875,9277
117,me,1986,5.30000019073486,13292.0537109375,60.1359024047852,21,0.169681996107101,8550.34765625,214,34,12,1,22,5,65.879997253418,1171999.125,55999.92578125,60000,10021
118,me,1987,4.40000009536743,13984,62.4721603393555,21,0.188786998391151,9069.9365234375,232,36,12,2,34,9,59.9300003051758,1186998.375,55999.92578125,59000.12109375,10766
119,me,1988,3.79999995231628,14538.9794921875,62.9102821350098,21,0.179826006293297,9461.3994140625,255,31,21,3,28,4,61.7700004577637,1205001.5,55000.0234375,55999.99609375,11401
120,md,1982,8.39999961853027,15198.0908203125,61.4502601623535,21,0.196279004216194,6768.09375,640,182,43,10,90,45,175.600006103516,4272990.5,236999.484375,234008.0625,28920
121,md,1983,6.90000009536743,15644.4951171875,63.1465492248535,21,0.204689994454384,7118.8251953125,656,167,47,11,69,32,177.330001831055,4300990.5,229999.796875,231722.796875,30618
122,md,1984,5.40000009536743,16313.1865234375,64.537712097168,21,0.212862998247147,7289.48828125,643,142,48,10,62,15,180.070007324219,4349002,222999.625,229459.84375,31702
123,md,1985,4.59999990463257,16921.609375,64.5509033203125,21,0.215296998620033,7590.40966796875,729,141,39,6,90,32,188.839996337891,4391989.5,216999.40625,227218.984375,33337
124,md,1986,4.5,17475.748046875,66.2441024780273,21,0.17603699862957,7826.70458984375,784,174,56,13,75,27,197.080001831055,4461009,210999.875,225000,34915
125,md,1987,4.19999980926514,18167,66.6956558227539,21,0.170368000864983,8046.97509765625,814,172,53,17,90,23,170.009994506836,4534996,206999.71875,221997.484375,36493
126,md,1988,4.5,18755.533203125,66.6856460571289,21,0.172347992658615,8112.94580078125,782,150,50,7,80,25,158.009994506836,4621995.5,197000.078125,214001.015625,37498
127,ma,1982,7.90000009536743,15215.990234375,62.0526657104492,20,0.190606996417046,6380.05078125,659,169,76,15,92,33,344.769989013672,5746976,289999.96875,332032.375,36666
128,ma,1983,6.90000009536743,15801.60546875,61.9856910705566,20,0.186082005500793,6510.73974609375,651,198,59,12,85,48,221.520004272461,5766011.5,281999.8125,325323.6875,37541
129,ma,1984,4.80000019073486,16735.1640625,64.3316345214844,20,0.179802000522614,6646.5908203125,666,181,58,13,101,43,210.570007324219,5798010,273999.78125,318750.5625,38537
130,ma,1985,3.90000009536743,17271.185546875,64.644905090332,20.5,0.173664003610611,6818.29638671875,742,176,64,10,103,35,188.429992675781,5821982,267000.40625,312310.21875,39696
131,ma,1986,3.79999995231628,18145.51171875,64.4532089233398,21,0.170999005436897,7027.96435546875,752,190,72,27,80,29,187.300003051758,5833979.5,265000.125,306000,41001
132,ma,1987,3.20000004768372,19050,65.1188125610352,21,0.162926003336906,7225.43603515625,689,163,67,14,94,36,176.039993286133,5855010,253999.546875,295997.75,42305
133,ma,1988,3.29999995231628,20034.6484375,66.1751937866211,21,0.155174002051353,7358.47265625,725,165,48,9,92,37,204.220001220703,5888994,236999.59375,273997.09375,43334
134,mi,1982,15.5,13247.0166015625,53.5386428833008,21,0.243817999958992,6712.7431640625,1392,392,89,24,178,84,496.140014648438,9116988,493999.84375,517776.75,61200
135,mi,1983,14.1999998092651,13606.6513671875,54.7484397888184,21,0.237243995070457,6721.328125,1314,345,110,17,163,75,492.709991455078,9054014,473999,505932.3125,60855
136,mi,1984,11.1999998092651,14317.58203125,57.2445526123047,21,0.243742004036903,7007.07080078125,1531,334,122,26,174,58,547.530029296875,9057993,460000.65625,494358.8125,63470
137,mi,1985,9.89999961853027,14830.5087890625,57.6979713439941,21,0.219419002532959,7416.576171875,1545,302,106,19,168,53,423.760009765625,9088021,455000.0625,483050.0625,67402
138,mi,1986,8.80000019073486,15278.6376953125,58.4074668884277,21,0.191911995410919,7829.5234375,1605,334,147,30,176,72,498.309997558594,9138998,467999.34375,472000,71554
139,mi,1987,8.19999980926514,15418,59.948055267334,21,0.186720997095108,8228.9150390625,1597,333,138,17,169,47,487.369995117188,9199998,461000.375,463001.03125,75706
140,mi,1988,7.59999990463257,15930.7021484375,60.2468414306641,21,0.175254002213478,8430.646484375,1704,359,115,17,176,62,551.130004882812,9239979,439999.375,442000.0625,77899
141,mn,1982,7.80000019073486,13781.623046875,65.0814361572266,19,0.199833005666733,7059.263671875,571,138,36,14,65,26,164.600006103516,4133009,213000.09375,231810.09375,29176
142,mn,1983,8.19999980926514,13840.5966796875,64.7649917602539,19,0.191820994019508,7494.07470703125,555,124,40,13,76,27,178.565002441406,4145008,203000.34375,226957.3125,31063
143,mn,1984,6.30000019073486,14734.06640625,67.1819610595703,19,0.178974002599716,7644.96630859375,582,108,48,10,93,27,208.156005859375,4163000.75,195999.96875,222206.109375,31826
144,mn,1985,6,14983.05078125,66.9762954711914,19,0.175171002745628,7795.873046875,608,128,45,9,74,29,160.485992431641,4192987.75,192999.6875,217554.359375,32688
145,mn,1986,5.30000019073486,15464.396484375,66.7615432739258,19.6700000762939,0.164709001779556,8053.17626953125,571,121,50,7,89,34,162.804992675781,4212996,196000.03125,213000,33928
146,mn,1987,5.40000009536743,15910,66.8855514526367,21,0.153882995247841,8282.359375,530,113,58,11,55,13,141.75,4246012.5,189000.1875,206000.21875,35167
147,mn,1988,4,16048.123046875,68.8984832763672,21,0.144433006644249,8462.2548828125,612,112,44,15,81,27,158.076995849609,4307008,180999.953125,192002.265625,36447
148,ms,1982,11,9553.69921875,52.2050743103027,21,0.208188995718956,6679.40087890625,730,134,46,11,81,24,276,2566996.75,144000.203125,150960.09375,17146
149,ms,1983,12.6000003814697,9513.76171875,50.8762283325195,21,0.207435995340347,6891.98828125,715,116,50,11,76,14,125.053001403809,2582999.25,139000.09375,149960.171875,17802
150,ms,1984,10.8000001907349,9792.3076171875,52.0652160644531,21,0.199328005313873,7098.5400390625,679,102,40,6,82,27,434,2597999,135999.828125,148966.890625,18442
151,ms,1985,10.3000001907349,9797.669921875,54.209114074707,21,0.193235993385315,7321.0966796875,662,102,37,6,72,17,379.894989013672,2612996.5,134000.1875,147980.171875,19130
152,ms,1986,11.6999998092651,9996.904296875,54.5746383666992,21,0.185524001717567,7489.32373046875,771,132,55,6,85,25,464.976989746094,2624002,140000.046875,147000,19652
153,ms,1987,10.1999998092651,10303,55.0879058837891,21,0.175625994801521,7684.9521484375,756,119,48,9,85,20,464.399993896484,2625000,138999.90625,143999.453125,20173
154,ms,1988,8.39999961853027,10698.7490234375,55.4612922668457,21,0.161035999655724,8413.373046875,722,106,45,7,72,11,450,2619995.5,135000.125,130999.59375,22043
155,mo,1982,9.19999980926514,12968.9736328125,56.5099945068359,21,0.207460999488831,7082.7587890625,890,220,79,22,120,43,337.4580078125,4942001,244999.984375,270439,35003
156,mo,1983,9.89999961853027,13186.9267578125,56.7060127258301,21,0.201180994510651,7363.07373046875,911,227,64,17,102,44,351.850006103516,4963009,235000.375,265442.46875,36543
157,mo,1984,7.19999980926514,13727.47265625,58.5995750427246,21,0.18723900616169,7705.44580078125,967,203,65,15,131,47,337.434997558594,5001008.5,226999.6875,260538.265625,38535
158,mo,1985,6.40000009536743,14033.8984375,61.0640525817871,21,0.184187993407249,7811.482421875,931,200,69,12,105,34,287.890991210938,5029007,223999.796875,255724.671875,39284
159,mo,1986,6.09999990463257,14368.4208984375,62.4542121887207,21,0.177047997713089,8161.9169921875,1129,237,97,24,138,57,351.653991699219,5064006.5,232000.25,251000,41332
160,mo,1987,6.30000019073486,14648,62.735969543457,21,0.163763999938965,8500.705078125,1044,209,94,16,98,23,324.7080078125,5102988.5,231000.234375,245000,43379
161,mo,1988,5.69999980926514,14871.9921875,62.7662315368652,21,0.151574000716209,8864.046875,1103,237,70,15,129,37,350.867004394531,5140992.5,223000.25,225998.609375,45570
162,mt,1982,8.60000038146973,12033.4130859375,61.2244911193848,19,0.221544995903969,8284.4736328125,254,50,26,8,38,12,95.5439987182617,804999.8125,41000.0234375,42323.12109375,6668.99951171875
163,mt,1983,8.80000019073486,11954.12890625,60.4026870727539,19,0.225486993789673,8800.240234375,286,77,15,6,31,11,112.640998840332,816000.4375,40000,41466.6953125,7181
164,mt,1984,7.40000009536743,11906.59375,62.2296142578125,19,0.223628997802734,8974.486328125,238,44,20,2,41,12,91.9029998779297,822999.75,37999.984375,40627.59765625,7386
165,mt,1985,7.69999980926514,11669.4912109375,62.0232162475586,19,0.208700999617577,9167.078125,223,56,15,7,20,12,94.6029968261719,825999.3125,37000.03515625,39805.484375,7572
166,mt,1986,8.10000038146973,12076.3671875,62.3333320617676,19,0.187298998236656,9575.28125,222,30,16,2,30,9,69.9359970092773,816999.5,37999.96484375,39000,7823
167,mt,1987,7.40000009536743,12291,62.541805267334,20.3299999237061,0.175665006041527,9980.2236328125,234,54,17,3,26,12,77.8649978637695,808999.9375,36000.01953125,37000.140625,8074.00048828125
168,mt,1988,6.80000019073486,12383.060546875,62.9194602966309,21,0.162919998168945,10109.3271484375,198,49,20,2,13,3,73.125,804999.1875,34999.9765625,34000.26171875,8138
169,ne,1982,6.09999990463257,13192.1240234375,63.6597938537598,20,0.220479995012283,7191.82666015625,261,46,14,4,34,9,90.4489974975586,1589999.375,77000.078125,87722.625,11435
170,ne,1983,5.69999980926514,12919.724609375,63.5976142883301,20,0.212073996663094,7226.7978515625,255,67,17,6,38,19,70.9039993286133,1596004.25,73999.9140625,85724.75,11534
171,ne,1984,4.40000009536743,13540.6591796875,64.5462265014648,20,0.192238003015518,26148.271484375,285,44,28,6,27,11,63.3600006103516,1605000.875,71000.03125,83772.375,41968
172,ne,1985,5.5,13735.169921875,64.9616394042969,21,0.194536998867989,7505.62451171875,237,48,18,6,28,10,60.5149993896484,1605995.625,68999.8828125,81864.4609375,12054
173,ne,1986,5,13971.1044921875,65.4792175292969,21,0.18893800675869,7867.96630859375,290,68,23,4,40,15,78.75,1597998.75,70999.9296875,80000,12573
174,ne,1987,4.90000009536743,14300,65.3130264282227,21,0.180938005447388,8212.685546875,297,54,35,2,35,12,67.8919982910156,1593997.5,70999.9609375,76999.2265625,13091
175,ne,1988,3.59999990463257,14219.44140625,66.358283996582,21,0.16237199306488,8368.896484375,261,55,22,4,33,11,90.5139999389648,1602003.375,68999.9140625,70999.8046875,13407
176,nv,1982,10.1000003814697,14914.0810546875,65.9574432373047,21,0.192366003990173,7304.10888671875,280,53,9,1,39,16,96.3420028686523,877998.9375,41999.9453125,42000,6413
177,nv,1983,9.80000019073486,14863.5322265625,65.2757110595703,21,0.191312000155449,7661.0849609375,253,41,12,1,32,8,57.9189987182617,897000.875,40999.9921875,42000,6872
178,nv,1984,7.80000019073486,15214.2861328125,66.7630081176758,21,0.192364007234573,7995.6494140625,249,27,13,3,24,5,59.2309989929199,916998.6875,39000.0390625,42000,7332
179,nv,1985,8,15564.6181640625,66.019416809082,21,0.16575400531292,8083.32177734375,259,44,11,3,20,8,67.3280029296875,936001.3125,39000.0390625,42000,7566
180,nv,1986,6,15976.2646484375,67.8426055908203,21,0.160077005624771,8253.34765625,233,45,12,2,30,9,69.9079971313477,967001.5625,40999.9921875,42000,7981
181,nv,1987,6.30000019073486,16412,68.2352981567383,21,0.155419006943703,8337.64453125,262,45,13,3,22,5,68.7710037231445,1006999.0625,41999.97265625,42999.828125,8396
182,nv,1988,5.19999980926514,16853.705078125,69.25,21,0.136147007346153,8528.455078125,286,46,8,1,24,7,75.3509979248047,1054001,40999.98828125,40999.7109375,8989
183,nh,1982,7.40000009536743,13834.12890625,63.0985908508301,20,0.194977998733521,7353.357421875,173,34,16,5,26,6,79.7249984741211,948002.3125,46999.9375,54426.32421875,6971
184,nh,1983,5.40000009536743,14662.84375,65.6033248901367,20,0.190770998597145,7488.015625,191,35,21,6,35,7,63.048999786377,958999.0625,46999.94921875,54569.18359375,7181
185,nh,1984,4.30000019073486,15451.6484375,67.6151733398438,20,0.182961001992226,7458.0771484375,192,23,11,1,24,3,70.5189971923828,978000.0625,46000.0859375,54712.41015625,7294
186,nh,1985,3.90000009536743,16280.720703125,68.2958984375,20,0.177788004279137,7553.11572265625,191,24,12,4,21,3,72.5999984741211,997998.75,45999.921875,54856.01953125,7538
187,nh,1986,2.79999995231628,17132.095703125,69.9614868164062,20.5,0.172650992870331,8133.39453125,172,27,16,3,26,9,48.0369987487793,1027000.5,48999.94140625,55000,8353
188,nh,1987,2.5,17906,71.2686538696289,21,0.167906999588013,8672.6474609375,179,25,23,2,16,5,53.2000007629395,1057001.375,48999.97265625,54999.83203125,9167
189,nh,1988,2.40000009536743,18704.5234375,70.8383941650391,21,0.156749993562698,8762.1884765625,166,22,13,0,28,4,43.7159996032715,1085002.875,48000.05859375,50999.9609375,9507
190,nj,1982,9,16665.87109375,57.8578948974609,19,0.175159007310867,6971.9833984375,1061,263,73,16,143,55,270.674987792969,7430023.5,404999.78125,372372.8125,51802
191,nj,1983,7.80000019073486,17275.228515625,58.574146270752,21,0.168255999684334,6992.091796875,932,210,59,16,109,44,232,7468008.5,393000.59375,370515.75,52217
192,nj,1984,6.19999980926514,18065.93359375,61.5186805725098,21,0.160739004611969,6959.14111328125,922,152,64,12,98,26,211.628005981445,7517019.5,382000.625,368667.96875,52312
193,nj,1985,5.69999980926514,18662.076171875,61.6970520019531,21,0.149364992976189,7023.037109375,964,171,54,9,103,34,203.462997436523,7561970.5,374000.0625,366829.40625,53108
194,nj,1986,5,19421.052734375,62.407527923584,21,0.142315000295639,7224.90185546875,1039,182,76,9,95,28,205.063003540039,7625017,361999.5625,364999.96875,55090
195,nj,1987,4,20313,63.4121971130371,21,0.129431992769241,7438.8671875,1023,171,65,14,98,22,204.244003295898,7672001.5,350000.53125,354995.3125,57071
196,nj,1988,3.79999995231628,21168.431640625,63.3952255249023,21,0.116540998220444,7598.8720703125,1051,200,67,11,112,29,206.966995239258,7721014.5,330000.5,343000.65625,58671
197,nm,1982,9.19999980926514,11347.2548828125,55.8884315490723,21,0.208908006548882,8662.2890625,577,117,37,11,66,20,163.949996948242,1367998.75,76000.015625,77136.4921875,11850.0009765625
198,nm,1983,10.1000003814697,11288.9912109375,55.1411285400391,21,0.208832994103432,8329.537109375,531,83,28,4,59,10,137.309997558594,1401998.75,74000.078125,76850.78125,11678.0009765625
199,nm,1984,7.5,11539.560546875,57.4678535461426,21,0.20864200592041,8718.083984375,497,96,18,4,45,12,121.73999786377,1426001.375,72000,76566.140625,12432
200,nm,1985,8.80000019073486,11861.228515625,57.1011657714844,21,0.201912999153137,9151.0458984375,535,115,40,14,63,19,132.289993286133,1449998.125,71000.03125,76282.546875,13268.9990234375
201,nm,1986,9.19999980926514,11825.59375,58.3333320617676,21,0.222497999668121,9596.3447265625,499,88,32,10,59,17,123,1479000.625,72000.0703125,76000,14193
202,nm,1987,8.89999961853027,11898,57.9683113098145,21,0.220807000994682,10077.3427734375,568,97,33,5,53,10,160.350006103516,1499998.625,72000.0546875,73999.609375,15116
203,nm,1988,7.80000019073486,12019.2490234375,58.5793380737305,21,0.220724001526833,10141.353515625,487,92,31,18,45,14,161.470001220703,1506998,70000.0234375,69999.6875,15282.9990234375
204,ny,1982,8.60000038146973,15158.7109375,54.3152084350586,19,0.167704999446869,4576.345703125,2162,477,129,29,288,131,546.859985351562,17586958,913002.875,922604.5625,80484
205,ny,1983,8.60000038146973,15573.39453125,54.3515129089355,19,0.163120999932289,4737.51123046875,2077,436,121,23,269,96,495.690002441406,17685024,885999.0625,910465.9375,83783
206,ny,1984,7.19999980926514,16335.1650390625,55.0517272949219,19,0.16169199347496,4917.59423828125,2060,360,108,18,241,80,443.910003662109,17746076,858000.875,898487,87268
207,ny,1985,6.5,16708.685546875,56.7492485046387,19.1599998474121,0.155274003744125,5090.12548828125,2006,376,126,29,202,75,424.420013427734,17783058,838000,886665.75,90518
208,ny,1986,6.30000019073486,17326.109375,57.3886413574219,21,0.155270993709564,5296.99462890625,2122,381,146,24,232,73,430.179992675781,17794996,827997.625,875000,94260
209,ny,1987,4.90000009536743,18005,58.6735420227051,21,0.151975005865097,5498.02587890625,2333,397,157,34,235,61,479.829986572266,17824944,796000.6875,848988.375,98002
210,ny,1988,4.19999980926514,18580.365234375,59.1712532043457,21,0.148806005716324,5789.921875,2255,391,126,17,227,82,418.579986572266,17909050,748000.875,802999.8125,103692
211,nc,1982,9,11078.7587890625,60.302074432373,21,0.210607007145882,7164.2255859375,1303,243,99,19,169,52,683.820007324219,6016002.5,300000,355732.28125,43100
212,nc,1983,8.89999961853027,11455.275390625,59.5545654296875,21,0.207259997725487,7411.23291015625,1234,212,109,19,143,44,341.619995117188,6076991.5,292999.71875,353018.3125,45038
213,nc,1984,6.69999980926514,12089.0107421875,61.8547668457031,21,0.199801996350288,7814.15673828125,1450,227,96,11,150,34,373.140014648438,6165988.5,288000.28125,350325.0625,48182
214,nc,1985,5.40000009536743,12353.8134765625,63.1748085021973,21,0.194195002317429,7981.27978515625,1482,229,103,12,172,47,345.329986572266,6255012,287999.90625,347652.3125,49923
215,nc,1986,5.30000019073486,12839.009765625,63.580638885498,21,0.189738005399704,8254.9208984375,1647,251,117,20,174,44,409.679992675781,6331011.5,308999.8125,345000,52262
216,nc,1987,4.5,13325,65.0853118896484,21,0.185424998402596,8513.9462890625,1584,239,126,15,154,45,353.440002441406,6413007,309000,341002.1875,54599.99609375
217,nc,1988,3.59999990463257,13767.083984375,65.6070556640625,21,0.17569500207901,8929.41015625,1573,206,102,14,161,36,373.829986572266,6489006.5,300000,316997.78125,57943
218,nd,1982,5.90000009536743,12553.69921875,62.0041732788086,21,0.228972002863884,7815.47265625,148,34,14,5,27,6,78.75,672000.3125,33000.03515625,38843.15234375,5252
219,nd,1983,5.59999990463257,12389.908203125,61.8069839477539,21,0.221058994531631,7875.19580078125,116,30,11,1,9,4,72,680998.9375,30999.974609375,37844.5078125,5363
220,nd,1984,5.09999990463257,12690.1103515625,63.3946838378906,21,0.209676995873451,7826.76123046875,100,15,5,1,12,2,58,687001.9375,29999.939453125,36871.5390625,5377
221,nd,1985,5.90000009536743,12661.0166015625,64.4763870239258,21,0.201547995209694,7864.2421875,90,29,6,2,12,6,36.1399993896484,684999.25,28999.935546875,35923.5859375,5387
222,nd,1986,6.30000019073486,12817.337890625,64.2710418701172,21,0.194244995713234,8150.1982421875,100,13,7,2,9,2,31.0900001525879,679001.875,30000.04296875,35000,5534
223,nd,1987,5.19999980926514,12971,65.0826416015625,21,0.185436993837357,8453.890625,101,29,6,2,10,4,40.3800010681152,671998.3125,28999.935546875,33000.03125,5681
224,nd,1988,4.80000019073486,12351.2998046875,65.5601654052734,21,0.171434000134468,8643.17578125,104,18,6,0,12,4,37.1300010681152,667000.1875,27999.962890625,30000,5765
225,oh,1982,12.5,13039.3798828125,55.6121826171875,21,0.2257139980793,6659.626953125,1607,421,130,19,221,88,643.130004882812,10774027,552000.5625,582422,71751
226,oh,1983,12.1999998092651,13236.23828125,55.7450523376465,21,0.199800997972488,6818.20361328125,1582,383,129,26,201,74,744.280029296875,10738019,530000.5,568580.875,73214
227,oh,1984,9.39999961853027,13784.615234375,57.325870513916,21,0.194478005170822,6973.470703125,1646,408,131,23,217,88,877.440002441406,10739989,514999.875,555068.6875,74895
228,oh,1985,8.89999961853027,13992.5849609375,57.9638366699219,21,0.18035900592804,7031.74853515625,1646,357,113,18,207,75,897.919982910156,10743985,506999.28125,541877.625,75549
229,oh,1986,8.10000038146973,14279.669921875,59.3186874389648,21,0.17485199868679,7196.9736328125,1673,407,129,25,205,82,843.840026855469,10747990,526000.3125,529000,77353
230,oh,1987,7,14598,59.8554420471191,21,0.171217992901802,7340.248046875,1772,383,155,18,204,85,684.690002441406,10783968,517999.65625,518003.15625,79157
231,oh,1988,6,14952.8388671875,60.7407379150391,21,0.159994006156921,7553.2177734375,1763,379,130,16,215,61,567.840026855469,10854976,498000.3125,494003.03125,81990
232,ok,1982,5.69999980926514,13552.505859375,59.6170196533203,21,0.207454994320869,9288.4609375,1054,234,72,15,130,42,321.109985351562,3230998,154000.15625,170964.765625,30010.998046875
233,ok,1983,9,12784.4033203125,58.4437065124512,21,0.202159002423286,8929.328125,848,152,43,11,88,26,236.369995117188,3310999.5,151000.109375,169964.84375,29565
234,ok,1984,7,12881.318359375,59.6368141174316,21,0.197189003229141,9359.798828125,797,150,47,15,79,21,217.619995117188,3310007,145999.921875,168970.75,30981
235,ok,1985,7.09999990463257,12904.6611328125,60.3906860351562,21,0.187404006719589,9445.9150390625,744,124,47,8,82,24,204.179992675781,3301003.5,143000.140625,167982.484375,31180.998046875
236,ok,1986,8.19999980926514,12656.3466796875,60.8929328918457,21,0.180598005652428,9496.078125,699,127,58,19,59,19,177.350006103516,3305996.25,151999.96875,167000,31393.998046875
237,ok,1987,7.40000009536743,12607,60.3082046508789,21,0.171737998723984,9659.5244140625,597,97,40,15,55,18,147.880004882812,3272003.75,149000.203125,160000,31606
238,ok,1988,6.69999980926514,12822.90625,59.5976524353027,21,0.161579996347427,9990.1142578125,634,102,49,8,73,23,166.339996337891,3242005,143999.90625,148000.96875,32388
239,or,1982,11.5,12626.4912109375,58.4623031616211,21,0.187434002757072,7262.63818359375,518,90,30,8,66,14,163.380004882812,2669002.5,123000.21875,128896.9921875,19384
240,or,1983,10.8000001907349,12925.458984375,59.5617523193359,21,0.177792996168137,7728.1982421875,550,92,33,8,64,11,165.050003051758,2659999,118000.0078125,126612.7421875,20557
241,or,1984,9.39999961853027,13246.154296875,59.7627296447754,21,0.174122005701065,7826.23828125,572,78,47,8,62,10,153.779998779297,2675998.25,116000.1171875,124368.9609375,20943
242,or,1985,8.80000019073486,13376.0595703125,59.2994575500488,21,0.165583997964859,7985.869140625,559,74,39,10,53,11,150.369995117188,2686996.25,115999.9609375,122164.953125,21458
243,or,1986,8.5,13649.123046875,60.5544738769531,21,0.16585299372673,8288.3212890625,619,69,48,4,60,11,176.429992675781,2701994.75,121999.8828125,119999.9921875,22395
244,or,1987,6.19999980926514,14019,62.4760093688965,21,0.159337997436523,8565.328125,620,57,53,6,73,12,144.539993286133,2724005.5,117999.875,118000.78125,23332
245,or,1988,5.80000019073486,14326.275390625,63.2595367431641,21,0.151538997888565,9108.7705078125,677,95,57,10,83,17,153.899993896484,2767003.5,112999.9453125,117000.28125,25204
246,pa,1982,10.8999996185303,13651.5517578125,53.4550590515137,21,0.183375999331474,6003.2685546875,1819,432,126,16,216,80,581.090026855469,11879029,594999.1875,629687.375,71313
247,pa,1983,11.8000001907349,13706.421875,52.9097633361816,21,0.17687900364399,6080.38427734375,1721,397,109,14,211,68,533.419982910156,11891025,576000.3125,617411.125,72302
248,pa,1984,9.10000038146973,13987.912109375,54.1598663330078,21,0.170682996511459,6250.283203125,1727,359,110,15,186,73,497.130004882812,11886981,556998.6875,605374.3125,74297
249,pa,1985,8,14356.9912109375,55.2368507385254,21,0.166262999176979,6363.63623046875,1771,409,108,14,178,62,567.760009765625,11852972,541000.875,593572.125,75428
250,pa,1986,6.80000019073486,14713.1064453125,56.8044128417969,21,0.16168799996376,6476.1240234375,1894,438,138,31,213,67,618.52001953125,11893997,547999.625,582000,77027
251,pa,1987,5.69999980926514,15200,57.3564224243164,21,0.156139001250267,6587.2919921875,1987,442,111,18,202,74,647.830017089844,11936013,535998.875,566000.75,78626
252,pa,1988,5.09999990463257,15623.6767578125,58.5465087890625,21,0.149836003780365,6769.25830078125,1931,405,110,13,215,67,574.010009765625,12001019,511999.40625,530000.5,81238
253,ri,1982,10.1999998092651,13326.96875,58.606559753418,20,0.19666700065136,6192.87841796875,105,36,9,4,18,10,31.7999992370605,953999.0625,46000.04296875,55891.45703125,5908
254,ri,1983,8.30000019073486,13759.173828125,59.1836738586426,20,0.190400004386902,6290.82470703125,100,26,6,0,12,3,27.5300006866455,955995.5,43999.8828125,54892.109375,6014
255,ri,1984,5.30000019073486,14312.087890625,62.5336952209473,20.5,0.181668996810913,5509.38330078125,79,24,5,1,10,5,24.6000003814697,961995.125,43000.02734375,53910.625,5300
256,ri,1985,4.90000009536743,14595.3388671875,63.6363639831543,21,0.177523002028465,6015.47900390625,109,32,9,1,13,7,30.7000007629395,968002.6875,41999.9453125,52946.6953125,5823
257,ri,1986,4,15109.3916015625,64.7214813232422,21,0.172160997986794,6064.59228515625,124,25,7,1,17,3,47.1399993896484,975003.75,43999.9765625,52000,5913
258,ri,1987,3.79999995231628,15633,65.4855651855469,21,0.16771100461483,6088.2109375,113,31,5,1,15,4,42.5499992370605,986003.9375,43000.02734375,50999.9375,6003
259,ri,1988,3.09999990463257,16257.9404296875,66.2760467529297,21,0.158108994364738,5894.25146484375,125,30,8,3,13,8,37.5,993001.375,40999.98828125,45999.953125,5853
260,sc,1982,10.8000001907349,10393.794921875,57.8240165710449,21,0.211842998862267,7508.35546875,730,140,62,15,77,23,219.600006103516,3226006,172000.0625,195651.40625,24222
261,sc,1983,10,10693.8076171875,56.5143127441406,21,0.208084002137184,7666.3701171875,844,175,58,12,88,26,277.130004882812,3257995.5,165999.796875,194222.984375,24977
262,sc,1984,7.09999990463257,11160.439453125,57.839427947998,21,0.198570996522903,7865.2431640625,916,142,55,7,82,21,320.700012207031,3301995.75,162000.09375,192805,25971
263,sc,1985,6.80000019073486,11369.703125,59.9093551635742,21,0.193221002817154,7970.41943359375,951,175,56,7,111,35,400.049987792969,3347000.75,160000,191397.375,26677
264,sc,1986,6.19999980926514,11674.9228515625,60.855396270752,21,0.188850998878479,8414.9677734375,1059,192,67,13,95,24,485.390014648438,3380999.25,168999.875,189999.984375,28451
265,sc,1987,5.59999990463257,12027,61.7635269165039,21,0.185350000858307,8824.517578125,1086,197,73,11,131,40,377.769989013672,3425003,169999.90625,186999.9375,30224
266,sc,1988,4.5,12440.80859375,62.6134986877441,21,0.169980004429817,9152.458984375,1034,188,72,15,115,32,321.600006103516,3469996.5,168000.171875,170999.90625,31759
267,sd,1982,5.5,11323.388671875,62.7254486083984,21,0.242798000574112,9165.685546875,148,30,7,3,15,1,54.3400001525879,694001.5625,35000,39847.15625,6361
268,sd,1983,5.40000009536743,11091.7431640625,62.6984100341797,21,0.229347005486488,9037.2080078125,175,23,11,4,12,4,47,698999.0625,33000.03125,38848.44140625,6317
269,sd,1984,4.30000019073486,11661.5380859375,64.8915176391602,21,0.219713002443314,9079.4384765625,143,25,12,3,17,5,50.6399993896484,704999.5625,32000,37874.76171875,6401
270,sd,1985,5.09999990463257,11684.322265625,64.426872253418,21,0.209174007177353,8865.828125,130,17,11,1,7,2,34.9000015258789,707999.3125,30999.974609375,36925.484375,6277
271,sd,1986,4.69999980926514,12175.4384765625,65.1663436889648,21,0.199288994073868,8817.8173828125,134,23,6,2,14,6,36.0900001525879,707998.3125,32000,36000,6243
272,sd,1987,4.19999980926514,12545,66.019416809082,21,0.193110004067421,8757.4228515625,134,14,8,1,15,2,30.0400009155273,708998.5,30999.94140625,35000.03515625,6208.99951171875
273,sd,1988,3.90000009536743,12276.2275390625,66.2162170410156,21,0.179332002997398,9304.3427734375,147,23,12,1,16,8,42.7299995422363,713000.375,30000,31999.998046875,6634
274,tn,1982,11.8000001907349,10988.06640625,53.998851776123,19,0.198827996850014,7458.30029296875,1055,243,84,13,154,54,386.769989013672,4665004,234999.875,255683.078125,34793
275,tn,1983,11.5,11183.486328125,55.0641937255859,19,0.193915992975235,7733.20947265625,1037,193,53,10,153,42,377.890014648438,4688997.5,227000.171875,252969.421875,36261
276,tn,1984,8.60000038146973,11704.3955078125,57.3122482299805,19.6700000762939,0.183345004916191,7728.10009765625,1095,213,65,10,151,51,388.720001220703,4726000,220999.71875,250284.546875,36523
277,tn,1985,8,11919.4912109375,57.6473846435547,21,0.187637999653816,7614.015625,1101,183,65,8,117,23,324.309997558594,4762007.5,219999.671875,247628.171875,36258
278,tn,1986,8,12371.5166015625,58.0325202941895,21,0.174572005867958,8165,1230,233,90,10,158,51,395.690002441406,4800000,233000.046875,244999.984375,39192
279,tn,1987,6.59999990463257,12876,59.2391319274902,21,0.168928995728493,8676.8427734375,1248,225,97,20,150,45,376.369995117188,4854992,233999.953125,241999.890625,42126.00390625
280,tn,1988,5.80000019073486,13352.26171875,59.2045135498047,21,0.168742001056671,9028.1826171875,1266,230,79,16,173,46,398.480010986328,4895005,228000.15625,224999.96875,44193
281,tx,1982,6.90000009536743,13942.720703125,62.6551094055176,19,0.208685994148254,8144.78759765625,4213,1049,237,72,526,196,2094.89990234375,15374004,767000.1875,842419.25,125218
282,tx,1983,8,13692.66015625,62.3161430358887,19,0.200634002685547,8338.572265625,3823,915,207,51,471,176,1812.5,15816016,759000.8125,843562.0625,131883
283,tx,1984,5.90000009536743,14039.560546875,64.5558624267578,19,0.193534001708031,8564.12890625,3912,886,227,39,455,167,1852.46997070312,16083013,748999.4375,844706.5,137737
284,tx,1985,7,14270.126953125,63.9125213623047,19,0.184567004442215,8751.5458984375,3678,811,256,53,388,131,1471.02001953125,16370022,750999.625,845852.5,143263
285,tx,1986,8.89999961853027,13950.46484375,62.0016746520996,19.6700000762939,0.175311997532845,8821.6962890625,3567,788,279,76,420,134,1267.30004882812,16688968,813999.625,847000.0625,147225
286,tx,1987,8.39999961853027,13889,62.9358406066895,21,0.167623996734619,9005.0478515625,3261,688,231,43,385,121,1034.47998046875,16789028,814998.8125,829991.8125,151186
287,tx,1988,7.30000019073486,14038.4990234375,64.1301651000977,21,0.155517995357513,9290.322265625,3393,752,247,70,404,129,1145.63000488281,16840966,790000.5625,778000.375,156458
288,ut,1982,7.80000019073486,10788.783203125,61.160270690918,21,0.240700006484985,7012.18310546875,295,46,26,4,35,12,62.2999992370605,1558002.625,73000.078125,87822.1015625,10925
289,ut,1983,9.19999980926514,10779.81640625,60.0382385253906,21,0.232819005846977,7035.0908203125,283,45,25,3,29,9,67.7399978637695,1595004.25,72000.046875,87107.9140625,11221
290,ut,1984,6.5,11120.87890625,62.6666679382324,21,0.218514993786812,7184.841796875,315,51,22,4,38,5,78.0599975585938,1623000.25,71999.8984375,86399.53125,11661
291,ut,1985,5.90000009536743,11284.9580078125,64.6284103393555,21,0.214632004499435,7317.34423828125,303,36,20,1,25,6,63.310001373291,1644995.75,72999.890625,85696.90625,12037
292,ut,1986,6,11339.525390625,65.8310089111328,21,0.20744900405407,7426.68359375,313,34,33,6,36,5,54.9599990844727,1663999.75,82000,85000,12358
293,ut,1987,6.40000009536743,11389,65.2253952026367,21,0.194580003619194,7547.00341796875,296,48,31,6,35,15,56.7999992370605,1680004.5,83999.9140625,83999.328125,12679
294,ut,1988,4.90000009536743,11735.322265625,65.8158569335938,21,0.183351993560791,7847.94482421875,297,29,29,3,23,7,71.5,1689996.625,84000.0234375,83999.8515625,13263
295,vt,1982,6.90000009536743,12064.439453125,63.5658912658691,18,0.188731998205185,7678.83740234375,107,18,6,0,27,8,27.7600002288818,520000.59375,26000.025390625,32127.525390625,3993
296,vt,1983,6.90000009536743,12186.9267578125,63.0102043151855,18,0.186243996024132,7906.68359375,94,19,8,2,19,2,34.0999984741211,524998.875,25000,31841.85546875,4151
297,vt,1984,5.19999980926514,12680.2197265625,64.3939361572266,18,0.175201997160912,8307.5341796875,114,18,10,4,23,6,31.8099994659424,530000.8125,25000,31558.728515625,4403
298,vt,1985,4.80000019073486,13112.2880859375,65.9204025268555,18,0.173699006438255,8762.60546875,115,23,8,1,14,4,36.3499984741211,535000.6875,24000.0234375,31278.115234375,4688
299,vt,1986,4.69999980926514,13740.9697265625,68.3046722412109,19.5,0.169052004814148,8990.76953125,109,19,7,0,14,0,33.4199981689453,540999.3125,27000.02734375,31000,4864
300,vt,1987,3.59999990463257,14325,69.0072631835938,21,0.169162005186081,9195.244140625,119,14,10,1,18,2,38.9500007629395,548000.6875,26000.025390625,29999.998046875,5039
301,vt,1988,2.79999995231628,14727.623046875,68.9573440551758,21,0.159199997782707,9969.486328125,129,27,12,3,19,7,39.0400009155273,556999.625,25000,28000.05859375,5553
302,va,1982,7.69999980926514,13878.28125,60.8457679748535,21,0.208276003599167,7547.8310546875,881,177,71,14,125,41,252.699996948242,5488994,282000.0625,315716.34375,41430
303,va,1983,6.09999990463257,14299.3115234375,62.6408653259277,21,0.202383995056152,7609.12548828125,901,179,51,11,137,49,268.260009765625,5558983,274000.5625,313002.46875,42299
304,va,1984,5,14906.59375,64.8928451538086,21,0.197190999984741,7900.44384765625,1013,213,63,12,127,53,271.760009765625,5636012.5,267000.0625,310311.90625,44527
305,va,1985,5.59999990463257,15323.0927734375,64.0246810913086,21,0.184192001819611,8399.5791015625,976,176,55,9,109,38,268.760009765625,5706000.5,264000.40625,307644.5,47928.00390625
306,va,1986,5,15915.376953125,64.0148849487305,21,0.180501997470856,8866.4169921875,1126,224,77,19,149,45,294.309997558594,5795013,269000.34375,304999.96875,51381
307,va,1987,4.19999980926514,16486,65.3014755249023,21,0.175822004675865,9287.623046875,1021,165,65,9,124,37,261.100006103516,5903986.5,266999.65625,303000.6875,54834
308,va,1988,3.90000009536743,17011.548828125,66.5030136108398,21,0.163499996066093,9551.6279296875,1071,191,76,12,118,29,253.240005493164,6014995.5,257999.671875,293000.28125,57453
309,wa,1982,12.1000003814697,14342.482421875,56.3331260681152,21,0.183850005269051,7306.6826171875,748,172,43,6,107,28,271.006011962891,4278001.5,202000.265625,219551.96875,31258
310,wa,1983,11.1999998092651,14534.4033203125,57.6717910766602,21,0.179464995861053,8395.81640625,698,140,53,5,92,27,236.518997192383,4305001,194999.90625,217124,36143.99609375
311,wa,1984,9.5,14758.2421875,57.5635452270508,21,0.171880006790161,7874.92822265625,746,158,45,9,87,22,229.462997436523,4348992,192000,214722.875,34248
312,wa,1985,8.10000038146973,14909.9580078125,58.944465637207,21,0.16652899980545,7796.56396484375,744,124,50,16,77,12,218.182006835938,4408993.5,193999.96875,212348.3125,34375
313,wa,1986,8.19999980926514,15375.64453125,60.637020111084,21,0.16041499376297,8166.6845703125,703,148,73,13,83,29,222.22200012207,4463010.5,202999.953125,210000,36448
314,wa,1987,7.59999990463257,15630,61.4004135131836,21,0.15531399846077,8488.326171875,780,146,55,7,83,20,246.591003417969,4537997,198999.9375,206998.03125,38520
315,wa,1988,6.19999980926514,15854.66796875,62.4964065551758,21,0.144180998206139,8995.921875,778,173,47,11,98,24,255.938003540039,4647995,191999.734375,206999.984375,41813
316,wv,1982,13.8999996185303,10748.2099609375,45.5228996276855,18,0.201276004314423,5574.712890625,450,89,35,8,58,21,144,1960997.875,97999.9609375,100136.3046875,10932
317,wv,1983,18,10451.8349609375,42.9931983947754,18.5,0.195664003491402,5958.21728515625,425,93,23,4,56,21,153,1963003.25,96000.1328125,98565.65625,11696
318,wv,1984,15,10641.7578125,44.4141693115234,19,0.192053005099297,6494.61083984375,438,91,30,9,55,15,131.404006958008,1951002.125,93999.984375,97019.6484375,12671
319,wv,1985,13,10669.4912109375,45.3861923217773,19,0.179933995008469,6541.31787109375,420,67,29,3,47,13,140.13200378418,1936001.25,92000.109375,95497.890625,12664
320,wv,1986,11.8000001907349,10888.544921875,44.9862632751465,19.6700000762939,0.173934996128082,6887.31494140625,440,86,43,6,53,17,145.848999023438,1917002.5,94999.9140625,94000,13203
321,wv,1987,10.8000001907349,10992,46.1379318237305,21,0.171170994639397,7244.076171875,471,90,45,11,51,9,141.154006958008,1896998.25,92999.9921875,91999.640625,13742
322,wv,1988,9.89999961853027,11294.513671875,46.1805534362793,21,0.162937000393867,7400.8662109375,460,83,46,11,52,16,141.438995361328,1875996.625,90999.9140625,87000.1640625,13884
323,wi,1982,10.6999998092651,13213.603515625,61.6515808105469,18,0.210804000496864,6909.8232421875,770,199,67,17,126,54,255.391998291016,4745997,251000.25,269586.125,32794
324,wi,1983,10.3999996185303,13291.2841796875,61.3559303283691,18,0.20516200363636,7184.74609375,725,196,47,10,120,61,255.776992797852,4747001.5,240000.40625,264019.53125,34106
325,wi,1984,7.30000019073486,13818.681640625,62.2784805297852,18.5,0.196950003504753,7426.94091796875,822,181,57,7,126,44,272.596008300781,4761987.5,231000.21875,258567.890625,35367
326,wi,1985,7.19999980926514,13952.330078125,61.6288833618164,19,0.188972994685173,7681.4892578125,744,166,46,11,101,35,246.061004638672,4774985.5,225000.484375,253228.8125,36679
327,wi,1986,7,14351.9091796875,62.2110824584961,19.6700000762939,0.182182997465134,8036.3720703125,747,159,51,8,95,32,256.031005859375,4783004,228000.21875,247999.984375,38438
328,wi,1987,6.09999990463257,14720,64.7042541503906,21,0.176360994577408,8361.978515625,797,156,66,11,82,24,248.468002319336,4806996.5,222000.21875,239997.65625,40196
329,wi,1988,4.30000019073486,14941.2900390625,67.4431304931641,21,0.164296001195908,8745.1904296875,807,169,59,20,102,35,274.677001953125,4855011.5,213000.234375,219998.28125,42458
330,wy,1982,5.80000019073486,14600.23828125,67.3184356689453,19,0.233667999505997,10354.9111328125,201,38,10,1,28,13,69.9309997558594,509999.5625,22999.98046875,25670.91015625,5281
331,wy,1983,8.39999961853027,13574.541015625,66.3911819458008,19,0.220633000135422,9804.2548828125,173,22,11,0,22,6,62.1069984436035,516000.46875,22999.994140625,25242.580078125,5059
332,wy,1984,6.30000019073486,13456.0439453125,66.0220947265625,19,0.208333000540733,9994.1552734375,157,27,3,1,20,7,62.2789993286133,512999.8125,21999.94140625,24821.3984375,5127
333,wy,1985,7.09999990463257,13595.3388671875,65.0838012695312,19,0.191962003707886,10611.0107421875,152,27,8,3,20,2,52.3450012207031,508999.5625,22000.021484375,24407.244140625,5401
334,wy,1986,9,13126.9345703125,63.9664840698242,19,0.168026000261307,10619.3310546875,168,30,8,1,25,7,57.8569984436035,506999.9375,23000.005859375,23999.998046875,5384
335,wy,1987,8.60000038146973,12719,62.8571434020996,19,0.149312004446983,10953.0498046875,129,25,8,2,19,6,35.5,490000.53125,22000.021484375,22999.916015625,5367
336,wy,1988,6.30000019073486,13098.1708984375,64.6376800537109,19.5,0.131242007017136,11812.115234375,155,26,10,1,23,11,47.4220008850098,478999.71875,21000.021484375,20999.962890625,5658
