,state,year,miles,fatalities,seatbelt,speed65,speed70,drinkage,alcohol,income,age,enforce
1,AK,1983,3358,0.044669445604086,NA,no,no,yes,no,17973,28.2349662780762,no
2,AK,1984,3589,0.037336304783821,NA,no,no,yes,no,18093,28.343542098999,no
3,AK,1985,3840,0.033072914928198,NA,no,no,yes,no,18925,28.3728160858154,no
4,AK,1986,4008,0.025199601426721,NA,no,no,yes,no,18466,28.3966522216797,no
5,AK,1987,3900,0.019487179815769,NA,no,no,yes,no,18021,28.4532508850098,no
6,AK,1988,3841,0.025253839790821,NA,no,no,yes,no,18447,28.8514194488525,no
7,AK,1989,3887,0.0216104965657,NA,no,no,yes,no,19970,29.1489543914795,no
8,AK,1990,3979,0.02462930418551,0.449999988079071,no,no,yes,no,21073,29.5862846374512,no
9,AK,1991,4021,0.025118129327893,0.660000026226044,no,no,yes,no,21496,29.8277111053467,secondary
10,AK,1992,3841,0.02811767719686,0.660000026226044,yes,no,yes,no,22073,30.2106971740723,secondary
11,AK,1993,3918,0.030117407441139,0.689999997615814,yes,no,yes,no,22711,30.4643859863281,secondary
12,AK,1994,4150,0.020481927320361,0.689999997615814,yes,no,yes,no,23417,30.75657081604,secondary
13,AK,1995,4123,0.021101139485836,0.689999997615814,yes,no,yes,no,23971,31.178596496582,secondary
14,AK,1996,4115,0.01968408189714,0.689999997615814,yes,no,yes,no,24310,31.4453544616699,secondary
15,AK,1997,4387,0.017551857978106,0.689999997615814,yes,no,yes,no,24969,31.6014747619629,secondary
16,AL,1983,31032,0.029969064518809,NA,no,no,no,no,9505,34.2006454467773,no
17,AL,1984,32961,0.028275841847062,0.129999995231628,no,no,no,no,10417,34.421630859375,no
18,AL,1985,35091,0.025134649127722,0.170000001788139,no,no,yes,no,11133,34.6025695800781,no
19,AL,1986,34003,0.031791310757399,0.28999999165535,no,no,yes,no,11736,34.7606735229492,no
20,AL,1987,37426,0.02968524582684,0.209999993443489,yes,no,yes,no,12394,34.9556579589844,no
21,AL,1988,39684,0.025803850963712,0.28999999165535,yes,no,yes,no,13288,35.1369552612305,no
22,AL,1989,40765,0.025242242962122,0.379999995231628,yes,no,yes,no,14266,35.3278579711914,no
23,AL,1990,42347,0.026471769437194,0.439999997615814,yes,no,yes,no,15213,35.6229248046875,no
24,AL,1991,42924,0.025999441742897,0.469999998807907,yes,no,yes,no,15895,35.6887359619141,no
25,AL,1992,45762,0.022529609501362,0.579999983310699,yes,no,yes,no,16817,35.8326187133789,secondary
26,AL,1993,47337,0.022054629400373,0.550000011920929,yes,no,yes,no,17398,35.9482536315918,secondary
27,AL,1994,48956,0.022121906280518,0.550000011920929,yes,no,yes,no,18163,36.0920104980469,secondary
28,AL,1995,50628,0.022003633901477,0.519999980926514,yes,yes,yes,yes,19041,36.2057456970215,secondary
29,AL,1996,51433,0.022281413897872,0.540000021457672,yes,yes,yes,yes,19838,36.3851318359375,secondary
30,AL,1997,53458,0.022297877818346,0.519999980926514,yes,yes,yes,yes,20672,36.5007209777832,secondary
31,AR,1983,16684,0.033385280519724,NA,no,no,yes,no,9267,35.4221382141113,no
32,AR,1984,16621,0.031586546450853,NA,no,no,yes,no,10263,35.56396484375,no
33,AR,1985,17112,0.031206171959639,NA,no,no,yes,no,10919,35.6919136047363,no
34,AR,1986,17555,0.03434918820858,0.197999998927116,no,no,yes,no,11409,35.8672676086426,no
35,AR,1987,18306,0.034906588494778,NA,yes,no,yes,no,11842,36.0081329345703,no
36,AR,1988,19219,0.031739424914122,0.300999999046326,yes,no,yes,no,12637,36.1438674926758,no
37,AR,1989,20414,0.031693935394287,NA,yes,no,yes,no,13353,36.2920837402344,no
38,AR,1990,21011,0.028746847063303,0.340000003576279,yes,no,yes,no,14025,36.4256820678711,no
39,AR,1991,21934,0.027719521895051,0.519999980926514,yes,no,yes,no,14766,36.4663162231445,secondary
40,AR,1992,23081,0.025475500151515,0.550000011920929,yes,no,yes,no,15807,36.5056991577148,secondary
41,AR,1993,23995,0.024296728894115,0.550000011920929,yes,no,yes,no,16380,36.5925750732422,secondary
42,AR,1994,24948,0.024410774931312,0.509999990463257,yes,no,yes,no,17090,36.6223907470703,secondary
43,AR,1995,26653,0.023674633353949,0.509999990463257,yes,no,yes,no,17934,36.628490447998,secondary
44,AR,1996,27840,0.022090516984463,0.479999989271164,yes,no,yes,no,18808,36.6652374267578,secondary
45,AR,1997,28144,0.023450823500752,0.479999989271164,yes,no,yes,no,19595,36.8175773620605,secondary
46,AZ,1983,19611,0.03441945835948,NA,no,no,no,no,11277,34.1142196655273,no
47,AZ,1984,20613,0.042157862335444,NA,no,no,yes,no,12375,34.2470703125,no
48,AZ,1985,21580,0.041380908340216,NA,no,no,yes,no,13280,34.3313598632812,no
49,AZ,1986,22665,0.044429738074541,NA,no,no,yes,no,13980,34.475341796875,no
50,AZ,1987,31729,0.029594376683235,NA,yes,no,yes,no,14631,34.543025970459,no
51,AZ,1988,34247,0.027564458549023,NA,yes,no,yes,no,15246,34.6561317443848,no
52,AZ,1989,34816,0.025247013196349,NA,yes,no,yes,no,15919,34.7041091918945,no
53,AZ,1990,35456,0.024509251117706,0.550000011920929,yes,no,yes,no,16608,34.8856239318848,no
54,AZ,1991,34929,0.02336167730391,0.649999976158142,yes,no,yes,no,16971,35.0049057006836,secondary
55,AZ,1992,35047,0.023083288222551,0.730000019073486,yes,no,yes,no,17583,35.1924667358398,secondary
56,AZ,1993,39150,0.020459769293666,0.730000019073486,yes,no,yes,no,18270,35.283260345459,secondary
57,AZ,1994,38774,0.023314591497183,0.600000023841858,yes,no,yes,no,19127,35.4959335327148,secondary
58,AZ,1995,39653,0.026101429015398,0.600000023841858,yes,yes,yes,no,20078,35.4948616027832,secondary
59,AZ,1996,42123,0.023597558960319,0.560000002384186,yes,yes,yes,no,21071,35.552433013916,secondary
60,AZ,1997,43491,0.021866593509913,0.629999995231628,yes,yes,yes,no,21998,35.7004356384277,secondary
61,CA,1983,182652,0.025036681443453,NA,no,no,yes,no,14258,33.7374572753906,no
62,CA,1984,196537,0.025542264804244,NA,no,no,yes,no,15593,33.7844276428223,no
63,CA,1985,207600,0.023892100900412,0.257999986410141,no,no,yes,no,16523,33.8018264770508,no
64,CA,1986,214913,0.024442449212074,0.45430001616478,no,no,yes,no,17255,33.8111419677734,secondary
65,CA,1987,226301,0.024321589618921,0.480999976396561,yes,no,yes,no,18175,33.8221626281738,secondary
66,CA,1988,241575,0.022320190444589,0.508499979972839,yes,no,yes,no,19263,33.8038063049316,secondary
67,CA,1989,251482,0.021520426496863,0.532999992370605,yes,no,yes,no,20226,33.7592086791992,secondary
68,CA,1990,258926,0.020052060484886,0.570999979972839,yes,no,yes,yes,21363,33.8367233276367,secondary
69,CA,1991,257976,0.018172232434154,0.593499958515167,yes,no,yes,yes,21491,33.7984924316406,secondary
70,CA,1992,262548,0.015966603532434,0.666000008583069,yes,no,yes,yes,22191,33.8995819091797,secondary
71,CA,1993,266408,0.015630161389709,0.813000023365021,yes,no,yes,yes,22430,33.9820594787598,secondary
72,CA,1994,271943,0.015562084503472,0.826999962329865,yes,no,yes,yes,22953,34.0540046691895,secondary
73,CA,1995,276371,0.015168016776443,0.816999971866608,yes,yes,yes,yes,23983,34.1773719787598,secondary
74,CA,1996,278043,0.014346702024341,0.845000028610229,yes,yes,yes,yes,25142,34.2943305969238,secondary
75,CA,1997,285612,0.012912622652948,0.851999998092651,yes,yes,yes,yes,26314,34.4820899963379,secondary
76,CO,1983,24109,0.026794973760843,NA,no,no,no,no,13460,32.6092262268066,no
77,CO,1984,24588,0.024727508425713,NA,no,no,no,no,14597,32.7904396057129,no
78,CO,1985,26146,0.022144878283143,NA,no,no,no,no,15224,32.9454574584961,no
79,CO,1986,26382,0.022856492549181,NA,no,no,no,no,15571,33.115364074707,no
80,CO,1987,26968,0.02191486209631,NA,yes,no,yes,no,16147,33.2912368774414,secondary
81,CO,1988,27665,0.017964936792851,NA,yes,no,yes,no,16985,33.5219192504883,secondary
82,CO,1989,27577,0.019110128283501,NA,yes,no,yes,no,18110,33.7736434936523,secondary
83,CO,1990,27178,0.020016189664602,0.5,yes,no,yes,no,19290,34.0188293457031,secondary
84,CO,1991,27744,0.019571799784899,0.509999990463257,yes,no,yes,no,20099,34.1767730712891,secondary
85,CO,1992,28927,0.018045425415039,0.5,yes,no,yes,no,21005,34.3463516235352,secondary
86,CO,1993,32718,0.017085395753384,0.529999971389771,yes,no,yes,no,22117,34.5524101257324,secondary
87,CO,1994,33705,0.017386144027114,0.540000021457672,yes,no,yes,no,23019,34.7841567993164,secondary
88,CO,1995,35058,0.018398083746433,0.560000002384186,yes,no,yes,no,24304,34.9894180297852,secondary
89,CO,1996,36141,0.017072023823857,0.560000002384186,yes,no,yes,no,25627,35.1913871765137,secondary
90,CO,1997,37746,0.016240131109953,0.589999973773956,yes,no,yes,no,27015,35.3195877075195,secondary
91,CT,1983,20630,0.021231217309833,NA,no,no,no,no,15620,36.034252166748,no
92,CT,1984,21076,0.02225279994309,NA,no,no,no,no,17360,36.1912384033203,no
93,CT,1985,22152,0.020223908126354,NA,no,no,yes,no,18531,36.3009796142578,no
94,CT,1986,24053,0.018916558474302,NA,no,no,yes,no,19815,36.3553848266602,primary
95,CT,1987,26775,0.01676937378943,NA,no,no,yes,no,21588,36.4513473510742,primary
96,CT,1988,26062,0.01857109926641,NA,no,no,yes,no,23699,36.5017051696777,primary
97,CT,1989,26183,0.015506244264543,NA,no,no,yes,no,25407,36.5743789672852,primary
98,CT,1990,26303,0.014637113548815,0.589999973773956,no,no,yes,no,26453,36.7700958251953,primary
99,CT,1991,26628,0.011641880497336,0.610000014305115,yes,no,yes,no,26721,36.8206405639648,primary
100,CT,1992,26459,0.011187119409442,0.709999978542328,no,no,yes,no,28345,36.9771003723145,primary
101,CT,1993,27001,0.012666197493672,0.709999978542328,no,no,yes,no,29232,37.0656204223633,primary
102,CT,1994,27138,0.011423096992075,0.720000028610229,no,no,yes,no,30310,37.1605911254883,primary
103,CT,1995,28045,0.011303262785077,0.720000028610229,no,no,yes,no,32073,37.279956817627,primary
104,CT,1996,28135,0.011018304154277,0.620000004768372,no,no,yes,no,33979,37.4275665283203,primary
105,CT,1997,28552,0.011873073875904,0.639999985694885,no,no,yes,no,35863,37.5472793579102,primary
106,DC,1983,3099,0.021297192201018,NA,no,no,no,no,15267,35.7238540649414,no
107,DC,1984,3214,0.019912881776691,NA,no,no,no,no,16620,35.8357276916504,no
108,DC,1985,3223,0.018616195768118,NA,no,no,no,no,17531,35.8874282836914,no
109,DC,1986,3287,0.013386066071689,NA,no,no,yes,no,18335,35.8914070129395,secondary
110,DC,1987,3368,0.01573634147644,NA,yes,no,yes,no,19566,35.9766387939453,secondary
111,DC,1988,3405,0.017914831638336,NA,yes,no,yes,no,21782,36.0415382385254,secondary
112,DC,1989,3414,0.021089630201459,NA,yes,no,yes,no,23438,36.1164970397949,secondary
113,DC,1990,3407,0.014088640920818,0.490000009536743,yes,no,yes,no,25646,36.9136543273926,secondary
114,DC,1991,3430,0.018367346376181,0.490000009536743,yes,no,yes,no,27028,36.8610496520996,secondary
115,DC,1992,3562,0.014037057757378,0.589999973773956,yes,no,yes,no,28597,37.0413513183594,secondary
116,DC,1993,3485,0.016355810686946,0.620000004768372,yes,no,yes,no,29912,37.2308578491211,secondary
117,DC,1994,3448,0.020011600106955,0.620000004768372,yes,no,yes,no,31212,37.4215431213379,secondary
118,DC,1995,3465,0.016738817095757,0.629999995231628,yes,no,yes,no,32398,37.650447845459,secondary
119,DC,1996,3316,0.018697226420045,0.579999983310699,yes,no,yes,no,34213,38.0677490234375,secondary
120,DC,1997,3326,0.018039686605334,0.660000026226044,yes,no,yes,no,35704,38.3756713867188,secondary
121,DE,1983,4886,0.022513303905726,NA,no,no,yes,no,13159,34.2215461730957,no
122,DE,1984,5138,0.025301674380899,NA,no,no,yes,no,14291,34.4224662780762,no
123,DE,1985,5365,0.019384901970625,NA,no,no,yes,no,15451,34.5659408569336,no
124,DE,1986,5762,0.023602915927768,NA,no,no,yes,no,16257,34.7090301513672,no
125,DE,1987,6086,0.023989483714104,NA,yes,no,yes,no,17423,34.9120903015137,no
126,DE,1988,6404,0.024984383955598,NA,yes,no,yes,no,18878,35.0613479614258,no
127,DE,1989,6446,0.017995655536652,NA,yes,no,yes,no,20563,35.174129486084,no
128,DE,1990,6548,0.021075136959553,0.449999988079071,yes,no,yes,no,21590,35.4238891601562,no
129,DE,1991,6721,0.015176312997937,0.540000021457672,yes,no,yes,no,22241,35.4912490844727,no
130,DE,1992,6892,0.02031340636313,0.699999988079071,yes,no,yes,no,23004,35.6515617370605,secondary
131,DE,1993,6895,0.015953589230776,0.629999995231628,yes,no,yes,no,23542,35.8443756103516,secondary
132,DE,1994,7025,0.015943059697747,0.589999973773956,yes,no,yes,no,24465,35.9684982299805,secondary
133,DE,1995,7515,0.016101131215692,0.629999995231628,yes,no,yes,no,25603,36.2402687072754,secondary
134,DE,1996,7666,0.015131750144064,0.620000004768372,yes,no,yes,no,27125,36.4600944519043,secondary
135,DE,1997,8007,0.017859373241663,0.589999973773956,yes,no,yes,no,28493,36.5989189147949,secondary
136,FL,1983,81776,0.032845821231604,NA,no,no,no,no,12469,38.5154190063477,no
137,FL,1984,85475,0.032921906560659,NA,no,no,no,no,13476,38.6366119384766,no
138,FL,1985,88056,0.032161351293325,0.22299998998642,no,no,yes,no,14367,38.7098579406738,no
139,FL,1986,87273,0.032438442111015,0.344500005245209,no,no,yes,no,15102,38.7351837158203,no
140,FL,1987,93819,0.030260395258665,0.551500022411346,yes,no,yes,no,16001,38.8027610778809,secondary
141,FL,1988,105319,0.029225496575236,0.470999985933304,yes,no,yes,no,17092,38.8233985900879,secondary
142,FL,1989,108877,0.027407074347138,0.550000011920929,yes,no,yes,no,18405,38.8744239807129,secondary
143,FL,1990,109997,0.026282535865903,0.529999971389771,yes,no,yes,no,19127,38.6966133117676,secondary
144,FL,1991,113483,0.021703692153096,0.529500007629395,yes,no,yes,no,19451,38.7663116455078,secondary
145,FL,1992,114311,0.021231552585959,0.557999968528748,yes,no,yes,no,19910,38.8350448608398,secondary
146,FL,1993,120467,0.021881511434913,0.61599999666214,yes,no,yes,no,21080,38.8647804260254,secondary
147,FL,1994,121989,0.02202657610178,0.601999998092651,yes,no,yes,yes,21761,38.9269676208496,secondary
148,FL,1995,127801,0.021948184818029,0.589999973773956,yes,yes,yes,yes,22676,38.9981727600098,secondary
149,FL,1996,130004,0.021176271140575,0.627000033855438,yes,yes,yes,yes,23834,39.1027679443359,secondary
150,FL,1997,134007,0.020782496780157,0.600000023841858,yes,yes,yes,yes,24799,39.1695823669434,secondary
151,GA,1983,48837,0.026537256315351,NA,no,no,no,no,10742,32.9332847595215,no
152,GA,1984,50486,0.027928534895182,NA,no,no,no,no,12028,33.103385925293,no
153,GA,1985,53713,0.025338372215629,NA,no,no,no,no,12928,33.2022361755371,no
154,GA,1986,56833,0.026920979842544,NA,no,no,yes,no,13768,33.3027687072754,no
155,GA,1987,60293,0.026520492509008,0.197999998927116,no,no,yes,no,14562,33.4336624145508,no
156,GA,1988,62262,0.026565160602331,0.277999997138977,yes,no,yes,no,15591,33.5074729919434,secondary
157,GA,1989,75705,0.021557360887528,0.387999981641769,yes,no,yes,no,16466,33.585865020752,secondary
158,GA,1990,72746,0.021471971645951,0.416999995708466,yes,no,yes,no,17385,33.8595314025879,secondary
159,GA,1991,73005,0.019026093184948,0.455999970436096,yes,no,yes,no,17930,33.9618911743164,secondary
160,GA,1992,77904,0.016879748553038,0.460999995470047,yes,no,yes,no,18888,34.0948753356934,secondary
161,GA,1993,78426,0.017774717882276,0.572000026702881,yes,no,yes,no,19668,34.179443359375,secondary
162,GA,1994,82822,0.017205573618412,0.529000043869019,yes,no,yes,no,20632,34.3039474487305,secondary
163,GA,1995,85384,0.017427152022719,0.507000029087067,yes,yes,yes,no,21696,34.4150772094727,secondary
164,GA,1996,89132,0.017647983506322,0.611000001430511,yes,yes,yes,no,22900,34.5256843566895,secondary
165,GA,1997,93317,0.016899386420846,0.680000007152557,yes,yes,yes,yes,23882,34.6350784301758,secondary
166,HI,1983,5873,0.024008173495531,NA,no,no,no,no,13028,32.7169303894043,no
167,HI,1984,6505,0.021214449778199,NA,no,no,no,no,13740,32.9384651184082,no
168,HI,1985,6762,0.018633540719748,0.330000013113022,no,no,no,no,14494,33.1608581542969,no
169,HI,1986,6971,0.017214173451066,0.726000010967255,no,no,yes,no,15325,33.4808578491211,primary
170,HI,1987,7218,0.019257411360741,0.66100001335144,no,no,yes,no,16262,33.8161849975586,primary
171,HI,1988,7419,0.019948780536652,0.665000021457672,no,no,yes,no,17815,34.1053123474121,primary
172,HI,1989,7750,0.019225805997849,0.78300005197525,no,no,yes,no,19395,34.3718566894531,primary
173,HI,1990,8066,0.021943962201476,0.805000007152557,no,no,yes,no,21529,34.8789749145508,primary
174,HI,1991,8143,0.016578655689955,0.853000044822693,no,no,yes,no,22171,34.9796752929688,primary
175,HI,1992,8066,0.015993056818843,0.830999970436096,no,no,yes,no,22906,35.177173614502,primary
176,HI,1993,8074,0.016596483066678,0.84199994802475,no,no,yes,no,23638,35.34814453125,primary
177,HI,1994,7935,0.015374921262264,0.824999988079071,no,no,yes,no,24090,35.5265808105469,primary
178,HI,1995,7945,0.016362491995096,0.799000024795532,no,no,yes,no,24848,35.7653923034668,primary
179,HI,1996,8030,0.018430884927511,0.800000011920929,no,no,yes,no,25086,36.0712394714355,primary
180,HI,1997,7947,0.016484208405018,0.800000011920929,no,no,yes,yes,25598,36.3965072631836,primary
181,IA,1983,19661,0.026143126189709,NA,no,no,no,no,11218,35.4137687683105,no
182,IA,1984,20497,0.020490802824497,NA,no,no,no,no,12460,35.6049995422363,no
183,IA,1985,20191,0.023475805297494,0.180000007152557,no,no,no,no,13042,35.8148460388184,no
184,IA,1986,20413,0.02160388045013,0.430000007152557,no,no,yes,no,13688,36.0849342346191,primary
185,IA,1987,20808,0.023596692830324,0.560000002384186,yes,no,yes,no,14511,36.3715324401855,primary
186,IA,1988,21907,0.025425663217902,0.550000011920929,yes,no,yes,no,14882,36.5685653686523,primary
187,IA,1989,22571,0.022772584110498,0.589999973773956,yes,no,yes,no,16058,36.6688194274902,primary
188,IA,1990,22993,0.020223546773195,0.610000014305115,yes,no,yes,no,16885,36.6696014404297,primary
189,IA,1991,23020,0.021198958158493,0.680000007152557,yes,no,yes,no,17304,36.6919631958008,primary
190,IA,1992,23926,0.018264649435878,0.709999978542328,yes,no,yes,no,18368,36.8526496887207,primary
191,IA,1993,25118,0.018273748457432,0.730000019073486,yes,no,yes,no,18461,36.9394454956055,primary
192,IA,1994,25737,0.018572483211756,0.730000019073486,yes,no,yes,no,19964,37.0533256530762,primary
193,IA,1995,25987,0.020279370248318,0.759999990463257,yes,no,yes,no,20412,37.2043228149414,primary
194,IA,1996,26880,0.017299106344581,0.75,yes,no,yes,no,22032,37.2995758056641,primary
195,IA,1997,27984,0.016723841428757,0.75,yes,no,yes,no,23120,37.3758659362793,primary
196,ID,1983,8287,0.031736455857754,NA,no,no,no,no,10122,32.1727142333984,no
197,ID,1984,7768,0.03115344978869,NA,no,no,no,no,10780,32.3633193969727,no
198,ID,1985,7710,0.033073928207159,0.234999999403954,no,no,no,no,11331,32.6007766723633,no
199,ID,1986,7781,0.03315769135952,0.270000010728836,no,no,no,no,11663,32.862232208252,secondary
200,ID,1987,8119,0.032023649662733,0.319999992847443,yes,no,yes,no,12265,33.1909637451172,secondary
201,ID,1988,8127,0.031622983515263,0.340000003576279,yes,no,yes,no,13108,33.4885635375977,secondary
202,ID,1989,8422,0.028259320184588,0.330000013113022,yes,no,yes,no,14283,33.7009353637695,secondary
203,ID,1990,9849,0.024774089455605,0.349999994039536,yes,no,yes,no,15346,33.7630462646484,secondary
204,ID,1991,10318,0.025586353614926,0.46000000834465,yes,no,yes,no,15664,33.9172782897949,secondary
205,ID,1992,10764,0.022575251758099,0.529999971389771,yes,no,yes,no,16607,33.9941329956055,secondary
206,ID,1993,11481,0.020033098757267,0.589999973773956,yes,no,yes,no,17699,34.0411148071289,secondary
207,ID,1994,11652,0.02145554497838,0.540000021457672,yes,no,yes,no,18186,34.0649604797363,secondary
208,ID,1995,12296,0.021307742223144,0.5,yes,yes,yes,no,18961,34.2065353393555,secondary
209,ID,1996,12961,0.019905870780349,0.5,yes,yes,yes,no,19741,34.3540840148926,secondary
210,ID,1997,12880,0.020108696073294,0.490000009536743,yes,yes,yes,yes,20392,34.5040626525879,secondary
211,IL,1983,67370,0.02265103161335,NA,no,no,yes,no,13180,34.360767364502,no
212,IL,1984,69910,0.022128451615572,NA,no,no,yes,no,14547,34.4693031311035,no
213,IL,1985,70844,0.021653210744262,0.158999994397163,no,no,yes,no,15322,34.6009178161621,no
214,IL,1986,74144,0.021525679156184,0.362000018358231,no,no,yes,no,16106,34.7123565673828,secondary
215,IL,1987,75756,0.021833254024386,0.372999995946884,yes,no,yes,no,17066,34.8764572143555,secondary
216,IL,1988,78483,0.023406343534589,0.395000010728836,yes,no,yes,no,18212,35.0331192016602,secondary
217,IL,1989,81297,0.02150140888989,0.400000005960464,yes,no,yes,no,19427,35.1508026123047,secondary
218,IL,1990,83334,0.019067848101258,0.470999985933304,yes,no,yes,no,20494,35.4204139709473,secondary
219,IL,1991,85430,0.01694954931736,0.504000008106232,yes,no,yes,no,20966,35.4195442199707,secondary
220,IL,1992,87642,0.015791514888406,0.639999985694885,yes,no,yes,no,22209,35.515552520752,secondary
221,IL,1993,89693,0.015519605949521,0.670000016689301,yes,no,yes,no,22895,35.5936088562012,secondary
222,IL,1994,92316,0.016833484172821,0.683000028133392,yes,no,yes,no,23956,35.6267280578613,secondary
223,IL,1995,94189,0.016838483512402,0.686999976634979,yes,no,yes,no,25135,35.6713218688965,secondary
224,IL,1996,96730,0.015269306488335,0.639999985694885,yes,no,yes,no,26393,35.7241096496582,secondary
225,IL,1997,99319,0.014065788127482,0.641999959945679,yes,no,yes,yes,27688,35.7832221984863,secondary
226,IN,1983,39837,0.025503927841783,NA,no,no,yes,no,11001,34.0799827575684,no
227,IN,1984,41074,0.022520329803228,NA,no,no,yes,no,12199,34.2933158874512,no
228,IN,1985,40782,0.023883085697889,NA,no,no,yes,no,12844,34.4917640686035,no
229,IN,1986,40780,0.02545365318656,0.196000009775162,no,no,yes,no,13513,34.6955490112305,no
230,IN,1987,44122,0.023910973221064,0.367000013589859,yes,no,yes,no,14324,34.8960151672363,secondary
231,IN,1988,51124,0.021496752277017,0.440999984741211,yes,no,yes,no,15231,35.0628700256348,secondary
232,IN,1989,56192,0.017280040308833,0.460999995470047,yes,no,yes,no,16296,35.1572685241699,secondary
233,IN,1990,53697,0.019535541534424,0.47299998998642,yes,no,yes,no,17167,35.4417037963867,secondary
234,IN,1991,54266,0.018833154812455,0.519999980926514,yes,no,yes,no,17624,35.4977035522461,secondary
235,IN,1992,57072,0.015787076205015,0.560000002384186,yes,no,yes,no,18763,35.6531867980957,secondary
236,IN,1993,60461,0.014902167953551,0.560000002384186,yes,no,yes,no,19649,35.7683982849121,secondary
237,IN,1994,62108,0.015634056180716,0.560000002384186,yes,no,yes,no,20734,35.8347549438477,secondary
238,IN,1995,64552,0.01487173140049,0.639999985694885,yes,no,yes,no,21427,35.9361839294434,secondary
239,IN,1996,66220,0.01485955901444,0.620000004768372,yes,no,yes,no,22234,36.0628471374512,secondary
240,IN,1997,68620,0.013625765219331,0.629999995231628,yes,no,yes,no,23202,36.1093406677246,secondary
241,KS,1983,18153,0.022640885785222,NA,no,no,no,no,12273,34.9704513549805,no
242,KS,1984,18717,0.02724795602262,NA,no,no,no,no,13421,35.0815353393555,no
243,KS,1985,19275,0.025214007124305,0.098999999463558,no,no,yes,no,14121,35.149772644043,no
244,KS,1986,19826,0.025219408795238,0.236000001430511,no,no,yes,no,14703,35.295280456543,secondary
245,KS,1987,20561,0.023880161345005,0.422999978065491,yes,no,yes,no,15327,35.3615913391113,secondary
246,KS,1988,21161,0.022825008258224,0.48199999332428,yes,no,yes,no,16040,35.4469337463379,secondary
247,KS,1989,21913,0.019531784579158,0.519999980926514,yes,no,yes,no,16802,35.4780807495117,secondary
248,KS,1990,22849,0.019431922584772,0.578000009059906,yes,no,yes,no,17940,35.5970802307129,secondary
249,KS,1991,23186,0.017639955505729,0.634999990463257,yes,no,yes,no,18492,35.6004676818848,secondary
250,KS,1992,24163,0.016016222536564,0.703000009059906,yes,no,yes,no,19447,35.7139205932617,secondary
251,KS,1993,24115,0.017748288810253,0.699999988079071,yes,no,yes,yes,20048,35.7961006164551,secondary
252,KS,1994,24678,0.017910689115524,0.699999988079071,yes,no,yes,yes,20638,35.8690528869629,secondary
253,KS,1995,25153,0.017572456970811,0.540000021457672,yes,yes,yes,yes,21481,36.0154647827148,secondary
254,KS,1996,25942,0.018888289108872,0.540000021457672,yes,yes,yes,yes,22707,36.1358795166016,secondary
255,KS,1997,26524,0.018172221258283,0.560000002384186,yes,yes,yes,yes,23972,36.1629333496094,secondary
256,KY,1983,26719,0.029117856174707,0.059999998658896,no,no,yes,no,9696,34.0168228149414,no
257,KY,1984,27951,0.026975778862834,0.070000000298023,no,no,yes,no,10838,34.1958541870117,no
258,KY,1985,28520,0.024964936077595,0.090000003576279,no,no,yes,no,11278,34.398811340332,no
259,KY,1986,29252,0.027519484981895,0.129999995231628,no,no,yes,no,11715,34.6264381408691,no
260,KY,1987,30320,0.027836412191391,0.209999993443489,yes,no,yes,no,12441,34.8777122497559,no
261,KY,1988,31614,0.026507243514061,NA,yes,no,yes,no,13187,35.1282997131348,no
262,KY,1989,32165,0.024001244455576,0.259999990463257,yes,no,yes,no,14204,35.3368377685547,no
263,KY,1990,33639,0.025238562375307,0.319999992847443,yes,no,yes,no,15085,35.5931396484375,no
264,KY,1991,35213,0.023457245901227,0.389999985694885,yes,no,yes,no,15719,35.6681632995605,no
265,KY,1992,38062,0.021412432193756,0.409999996423721,yes,no,yes,no,16677,35.7918319702148,no
266,KY,1993,39598,0.0219960603863,0.419999986886978,yes,no,yes,no,17207,35.9167633056641,no
267,KY,1994,39822,0.019536938518286,0.579999983310699,yes,no,yes,no,17872,35.9973297119141,secondary
268,KY,1995,41095,0.020659446716309,0.540000021457672,yes,no,yes,no,18601,36.1564483642578,secondary
269,KY,1996,42586,0.019771756604314,0.550000011920929,yes,no,yes,no,19475,36.3198127746582,secondary
270,KY,1997,44762,0.019145704805851,0.540000021457672,yes,no,yes,no,20570,36.3681678771973,secondary
271,LA,1983,27573,0.033837448805571,NA,no,no,no,no,10724,32.1399612426758,no
272,LA,1984,31588,0.030422944575548,NA,no,no,no,no,11421,32.271053314209,no
273,LA,1985,33365,0.02790349163115,NA,no,no,no,no,11876,32.4050102233887,no
274,LA,1986,29861,0.031211279332638,0.119999997317791,no,no,no,no,11802,32.6454620361328,no
275,LA,1987,30599,0.026994345709682,0.349999994039536,yes,no,yes,no,12010,32.8842735290527,secondary
276,LA,1988,34682,0.026670895516872,0.360000014305115,yes,no,yes,no,12829,33.0914077758789,secondary
277,LA,1989,37914,0.023157672956586,0.409999996423721,yes,no,yes,no,13620,33.3437271118164,secondary
278,LA,1990,37667,0.025459950789809,0.430000007152557,yes,no,yes,no,14773,33.8893203735352,secondary
279,LA,1991,34710,0.024834342300892,0.419999986886978,yes,no,yes,no,15593,33.9144630432129,secondary
280,LA,1992,33853,0.02617197856307,0.5,yes,no,yes,no,16381,34.0468063354492,secondary
281,LA,1993,36351,0.024153392761946,0.479999989271164,yes,no,yes,no,17133,34.2111358642578,secondary
282,LA,1994,37430,0.022522041574121,0.5,yes,no,yes,no,18086,34.3313598632812,secondary
283,LA,1995,38647,0.02313245460391,0.589999973773956,yes,no,yes,no,18826,34.4989356994629,secondary
284,LA,1996,38095,0.0236776471138,0.629999995231628,yes,no,yes,no,19609,34.7126197814941,secondary
285,LA,1997,38840,0.023970134556294,0.670000016689301,yes,no,yes,no,20458,34.9041290283203,secondary
286,MA,1983,37541,0.017341040074825,NA,no,no,no,no,14009,35.9061126708984,no
287,MA,1984,38540,0.01728074811399,NA,no,no,no,no,15703,36.0155792236328,no
288,MA,1985,39696,0.018692059442401,0.200000002980232,no,no,yes,no,16842,36.0862808227539,no
289,MA,1986,40745,0.018456252291799,0.349999994039536,no,no,yes,no,18100,36.1364212036133,no
290,MA,1987,42305,0.016286490485072,0.259999990463257,no,no,yes,no,19600,36.2031478881836,no
291,MA,1988,43334,0.016730511561036,NA,no,no,yes,no,21417,36.2517242431641,no
292,MA,1989,46214,0.015060371719301,0.28999999165535,no,no,yes,no,22634,36.2658500671387,no
293,MA,1990,46130,0.013115109875798,0.300000011920929,no,no,yes,no,23210,36.462028503418,no
294,MA,1991,46537,0.011861529201269,0.360000014305115,yes,no,yes,no,23590,36.5425033569336,no
295,MA,1992,47348,0.010243305005133,0.340000003576279,yes,no,yes,no,24538,36.7323951721191,no
296,MA,1993,46684,0.010174792259932,0.340000003576279,yes,no,yes,no,25333,36.8406944274902,no
297,MA,1994,46990,0.009363694116473,0.519999980926514,yes,no,yes,no,26433,36.9536628723145,secondary
298,MA,1995,48053,0.009239797480404,0.529999971389771,yes,no,yes,no,28097,37.0994873046875,secondary
299,MA,1996,49956,0.008327327668667,0.540000021457672,yes,no,yes,no,29591,37.2554054260254,secondary
300,MA,1997,50468,0.008738210424781,0.529999971389771,yes,no,yes,no,31239,37.3825607299805,secondary
301,MD,1983,30618,0.021425304934382,NA,no,no,yes,no,13852,34.2618446350098,no
302,MD,1984,31702,0.020282631739974,NA,no,no,yes,no,15279,34.4042663574219,no
303,MD,1985,33337,0.021867593750358,0.180000007152557,no,no,yes,no,16454,34.5446891784668,no
304,MD,1986,35208,0.022267665714026,0.550000011920929,no,no,yes,no,17461,34.638355255127,secondary
305,MD,1987,36493,0.022305646911264,0.560000002384186,yes,no,yes,no,18665,34.7274780273438,secondary
306,MD,1988,37498,0.020827777683735,0.569999992847443,yes,no,yes,no,20079,34.7593574523926,secondary
307,MD,1989,38922,0.018652690574527,0.620000004768372,yes,no,yes,no,21469,34.8217239379883,secondary
308,MD,1990,40536,0.017441287636757,0.649999976158142,yes,no,yes,no,22482,35.0643005371094,secondary
309,MD,1991,41349,0.016783960163593,0.670000016689301,yes,no,yes,no,22877,35.1273803710938,secondary
310,MD,1992,41896,0.015729425475001,0.670000016689301,yes,no,yes,no,23548,35.2924499511719,secondary
311,MD,1993,43311,0.015377155505121,0.699999988079071,yes,no,yes,no,24283,35.409797668457,secondary
312,MD,1994,44165,0.014740179292858,0.699999988079071,yes,no,yes,no,25329,35.5533981323242,secondary
313,MD,1995,44882,0.014950314536691,0.699999988079071,yes,no,yes,no,26141,35.6763877868652,secondary
314,MD,1996,46187,0.013163877651095,0.699999988079071,yes,no,yes,no,27298,35.8920860290527,secondary
315,MD,1997,46609,0.013109056279063,0.709999978542328,yes,no,yes,no,28674,35.9975242614746,secondary
316,ME,1983,7924,0.028268551453948,NA,no,no,no,no,10431,35.1385459899902,no
317,ME,1984,9345,0.024826109409332,NA,no,no,no,no,11500,35.317626953125,no
318,ME,1985,9277,0.022205455228686,NA,no,no,yes,no,12301,35.455265045166,no
319,ME,1986,10022,0.021353023126721,NA,no,no,yes,no,13272,35.5882263183594,no
320,ME,1987,10766,0.021549321711063,NA,yes,no,yes,no,14392,35.7355842590332,no
321,ME,1988,11401,0.022454170510173,NA,yes,no,yes,yes,15537,35.8399887084961,no
322,ME,1989,11739,0.016526110470295,NA,yes,no,yes,yes,16618,35.9314346313477,no
323,ME,1990,11871,0.017942886799574,0.349999994039536,yes,no,yes,yes,17159,36.070671081543,no
324,ME,1991,11849,0.0173010379076,0.360000014305115,yes,no,yes,yes,17300,36.1796875,no
325,ME,1992,12151,0.017611719667912,0.360000014305115,yes,no,yes,yes,18008,36.4300308227539,no
326,ME,1993,12182,0.015186340548098,0.360000014305115,yes,no,yes,yes,18463,36.6206283569336,no
327,ME,1994,12469,0.015077391639352,0.360000014305115,yes,no,yes,yes,19190,36.8291702270508,no
328,ME,1995,12589,0.014854237437248,0.5,yes,no,yes,yes,19995,37.0721588134766,no
329,ME,1996,12819,0.013183555565774,0.5,yes,no,yes,yes,20948,37.3192939758301,secondary
330,ME,1997,13245,0.01449603587389,0.610000014305115,yes,no,yes,yes,21937,37.5904350280762,secondary
331,MI,1983,60855,0.021592309698463,NA,no,no,yes,no,12143,33.7369499206543,no
332,MI,1984,63470,0.024121632799506,0.194999992847443,no,no,yes,no,13460,33.9758911132812,no
333,MI,1985,67402,0.022922167554498,0.259999990463257,no,no,yes,no,14540,34.1678466796875,no
334,MI,1986,71981,0.0222975499928,0.462999999523163,no,no,yes,no,15338,34.339111328125,secondary
335,MI,1987,75706,0.021160805597901,0.46450001001358,yes,no,yes,no,15899,34.5149612426758,secondary
336,MI,1988,77899,0.021925827488303,0.479999989271164,yes,no,yes,no,16950,34.6572608947754,secondary
337,MI,1989,79890,0.020515708252788,0.467000007629395,yes,no,yes,no,17987,34.7706031799316,secondary
338,MI,1990,81091,0.0193732958287,0.517000019550323,yes,no,yes,no,18699,34.96533203125,secondary
339,MI,1991,81935,0.017343016341329,0.639999985694885,yes,no,yes,no,19022,35.0484886169434,secondary
340,MI,1992,84219,0.015435947105289,0.554000020027161,yes,no,yes,no,19861,35.248104095459,secondary
341,MI,1993,85686,0.016502112150192,0.639999985694885,yes,no,yes,no,20939,35.3885040283203,secondary
342,MI,1994,85183,0.016681732609868,0.635999977588654,yes,no,yes,no,22338,35.5583381652832,secondary
343,MI,1995,85703,0.01785235106945,0.655999958515167,yes,no,yes,no,23407,35.7099304199219,secondary
344,MI,1996,90215,0.016682369634509,0.671999990940094,yes,no,yes,no,23996,35.8750038146973,secondary
345,MI,1997,91755,0.015759360045195,0.680999994277954,yes,no,yes,no,24956,35.9991340637207,secondary
346,MN,1983,31063,0.017866915091872,NA,no,no,no,no,12310,34.2122497558594,no
347,MN,1984,31826,0.018286935985088,NA,no,no,no,no,13975,34.375186920166,no
348,MN,1985,32688,0.018600098788738,0.200000002980232,no,no,no,no,14756,34.493106842041,no
349,MN,1986,33806,0.016890492290258,0.330000013113022,no,no,yes,no,15526,34.6269416809082,secondary
350,MN,1987,35167,0.015070946887136,0.319999992847443,yes,no,yes,no,16479,34.7657432556152,secondary
351,MN,1988,36447,0.016791505739093,0.469999998807907,yes,no,yes,no,17115,34.834342956543,secondary
352,MN,1989,37393,0.016152756288648,0.439999997615814,yes,no,yes,no,18404,34.8928756713867,secondary
353,MN,1990,38946,0.014532943256199,0.469999998807907,yes,no,yes,no,19348,35.0012969970703,secondary
354,MN,1991,39254,0.013527283445001,0.529999971389771,yes,no,yes,no,19845,35.072998046875,secondary
355,MN,1992,41162,0.014114960096777,0.509999990463257,yes,no,yes,no,21126,35.1726379394531,secondary
356,MN,1993,42214,0.012744586914778,0.550000011920929,yes,no,yes,no,21488,35.2843208312988,secondary
357,MN,1994,43317,0.014913313090801,0.569999992847443,yes,no,yes,no,22802,35.4026527404785,secondary
358,MN,1995,44072,0.013546016067267,0.649999976158142,yes,no,yes,no,23736,35.5466499328613,secondary
359,MN,1996,44465,0.012954008765519,0.639999985694885,yes,no,yes,no,25235,35.689208984375,secondary
360,MN,1997,48350,0.012409513816237,0.649999976158142,yes,no,yes,no,26243,35.7766227722168,secondary
361,MO,1983,36543,0.024929534643889,NA,no,no,yes,no,11647,35.4711723327637,no
362,MO,1984,38535,0.025094069540501,NA,no,no,yes,no,12860,35.5453453063965,no
363,MO,1985,39284,0.023699216544628,NA,no,no,yes,no,13737,35.6274452209473,no
364,MO,1986,41571,0.027158355340362,NA,no,no,yes,no,14383,35.7284355163574,secondary
365,MO,1987,43379,0.024089997634292,NA,yes,no,yes,no,15084,35.8514595031738,secondary
366,MO,1988,45573,0.024202927947044,NA,yes,no,yes,no,15909,35.9501991271973,secondary
367,MO,1989,48087,0.021877015009522,NA,yes,no,yes,no,16961,36.059513092041,secondary
368,MO,1990,50883,0.021559262648225,0.540000021457672,yes,no,yes,no,17639,36.2020149230957,secondary
369,MO,1991,40982,0.024669367820025,0.540000021457672,yes,no,yes,no,18305,36.2176055908203,secondary
370,MO,1992,53254,0.018496263772249,0.699999988079071,yes,no,yes,no,19120,36.3017539978027,secondary
371,MO,1993,54821,0.017274402081966,0.699999988079071,yes,no,yes,no,19632,36.355167388916,secondary
372,MO,1994,57288,0.019009215757251,0.680000007152557,yes,no,yes,no,20576,36.4361724853516,secondary
373,MO,1995,59347,0.018686706200242,0.709999978542328,yes,yes,yes,no,21540,36.4996948242188,secondary
374,MO,1996,61162,0.018753474578261,0.620000004768372,yes,yes,yes,no,22586,36.5399322509766,secondary
375,MO,1997,62980,0.01892664283514,0.620000004768372,yes,yes,yes,no,23629,36.5948028564453,secondary
376,MS,1983,17802,0.040164027363062,NA,no,no,no,no,8372,32.9981155395508,no
377,MS,1984,18442,0.036818131804466,NA,no,no,no,no,9122,33.1140899658203,no
378,MS,1985,19130,0.034605331718922,NA,no,no,no,no,9545,33.2218208312988,no
379,MS,1986,19226,0.040101945400238,NA,no,no,yes,no,9898,33.3931884765625,no
380,MS,1987,20173,0.03747583553195,NA,yes,no,yes,no,10484,33.6420822143555,no
381,MS,1988,22043,0.03275416046381,NA,yes,no,yes,no,11236,33.888240814209,no
382,MS,1989,22895,0.031753659248352,NA,yes,no,yes,no,11996,34.1062202453613,no
383,MS,1990,24398,0.030740223824978,0.230000004172325,yes,no,yes,no,12706,34.4566879272461,secondary
384,MS,1991,24897,0.028678154572845,0.319999992847443,yes,no,yes,no,13376,34.4762916564941,secondary
385,MS,1992,26239,0.029193185269833,0.239999994635582,yes,no,yes,no,14163,34.5176048278809,secondary
386,MS,1993,26864,0.030263550579548,0.25,yes,no,yes,no,14900,34.5916023254395,secondary
387,MS,1994,28548,0.027707720175386,0.43299999833107,yes,no,yes,no,15886,34.6653938293457,secondary
388,MS,1995,29559,0.029364999383688,0.46000000834465,yes,yes,yes,no,16574,34.8050842285156,secondary
389,MS,1996,30562,0.026536220684648,0.45990002155304,yes,yes,yes,no,17398,34.9622955322266,secondary
390,MS,1997,31519,0.027316857129335,0.482299983501434,yes,yes,yes,no,18098,35.0728797912598,secondary
391,MT,1983,7181,0.039827320724726,NA,no,no,no,no,10654,33.7004623413086,no
392,MT,1984,7386,0.032223124057055,0.167999997735023,no,no,no,no,11252,33.849193572998,no
393,MT,1985,7572,0.029450608417392,0.217000007629395,no,no,no,no,11486,34.0117797851562,no
394,MT,1986,7737,0.028693292289972,0.294999986886978,no,no,no,no,12120,34.3266944885254,no
395,MT,1987,8074,0.028981916606426,0.396500021219254,yes,no,yes,no,12619,34.6598777770996,no
396,MT,1988,8138,0.024330303072929,0.594500005245209,yes,no,yes,no,12954,35.0044174194336,secondary
397,MT,1989,8250,0.021939393132925,0.617999970912933,yes,no,yes,no,14193,35.2857322692871,secondary
398,MT,1990,8332,0.025444071739912,0.625999987125397,yes,no,yes,no,15038,35.4671401977539,secondary
399,MT,1991,8314,0.024055808782578,0.644499957561493,yes,no,yes,no,15947,35.6018600463867,secondary
400,MT,1992,8525,0.022521995007992,0.680299997329712,yes,no,yes,no,16541,35.6778221130371,secondary
401,MT,1993,8707,0.022395772859454,0.691999971866608,yes,no,yes,no,17571,35.7807350158691,secondary
402,MT,1994,9116,0.022158840671182,0.695800006389618,yes,no,yes,no,17590,35.9621887207031,secondary
403,MT,1995,9399,0.022874774411321,0.700800001621246,yes,no,yes,no,18286,36.2486877441406,secondary
404,MT,1996,9446,0.021172983571887,0.708000004291534,yes,no,yes,no,18872,36.5378036499023,secondary
405,MT,1997,9392,0.028215503320098,0.725500047206879,yes,no,yes,no,19660,36.8297691345215,secondary
406,NC,1983,45038,0.027399085462093,NA,no,no,no,no,10172,34.2153053283691,no
407,NC,1984,48182,0.030094226822257,NA,no,no,no,no,11363,34.4489364624023,no
408,NC,1985,49923,0.029685715213418,0.259999990463257,no,no,no,no,12136,34.6347999572754,no
409,NC,1986,52866,0.031154239550233,0.419999986886978,no,no,yes,no,12900,34.8187255859375,primary
410,NC,1987,54600,0.029010988771915,0.779999971389771,yes,no,yes,no,13717,35.0198020935059,primary
411,NC,1988,57943,0.027147369459271,0.629999995231628,yes,no,yes,no,14810,35.1805419921875,primary
412,NC,1989,60877,0.024163477122784,0.610000014305115,yes,no,yes,no,15827,35.3287086486816,primary
413,NC,1990,62707,0.022086847573519,0.579999983310699,yes,no,yes,no,16649,35.5191688537598,primary
414,NC,1991,64883,0.021099517121911,0.610000014305115,yes,no,yes,no,17115,35.637451171875,primary
415,NC,1992,67538,0.018730197101831,0.620000004768372,yes,no,yes,no,18230,35.7617111206055,primary
416,NC,1993,69493,0.019987624138594,0.629999995231628,yes,no,yes,yes,19137,35.8725433349609,primary
417,NC,1994,71928,0.019894894212484,0.790000021457672,yes,no,yes,yes,19920,35.974250793457,primary
418,NC,1995,76053,0.019039353355765,0.800000011920929,yes,no,yes,yes,20996,36.0994529724121,primary
419,NC,1996,78935,0.018926965072751,0.800000011920929,yes,no,yes,yes,22053,36.209056854248,primary
420,NC,1997,81893,0.018108995631337,0.850000023841858,yes,no,yes,yes,23168,36.2751426696777,primary
421,ND,1983,5363,0.021629685536027,NA,no,no,yes,no,11100,33.7475700378418,no
422,ND,1984,5377,0.018597731366754,NA,no,no,yes,no,11871,33.8454742431641,no
423,ND,1985,5387,0.016706887632608,NA,no,no,yes,no,12314,34.0330505371094,no
424,ND,1986,5632,0.01775568164885,NA,no,no,yes,no,12625,34.2916221618652,no
425,ND,1987,5681,0.017778560519218,NA,yes,no,yes,no,13037,34.5536155700684,no
426,ND,1988,5765,0.018039895221591,NA,yes,no,yes,no,12142,34.890323638916,no
427,ND,1989,5849,0.013848520815373,NA,yes,no,yes,no,13669,35.1776008605957,secondary
428,ND,1990,5910,0.018950929865241,0.280000001192093,yes,no,yes,no,15264,35.6297264099121,no
429,ND,1991,5951,0.015795664861798,0.300000011920929,yes,no,yes,no,15479,35.6963920593262,no
430,ND,1992,6072,0.014492753893137,0.300000011920929,yes,no,yes,no,16866,35.8697929382324,no
431,ND,1993,6158,0.014452744275332,0.300000011920929,yes,no,yes,no,17040,36.002311706543,no
432,ND,1994,6338,0.013884506188333,0.319999992847443,yes,no,yes,no,18156,36.1489601135254,no
433,ND,1995,6545,0.011306340806186,0.419999986886978,yes,no,yes,no,18149,36.340259552002,secondary
434,ND,1996,6741,0.012609405443072,0.430000007152557,yes,no,yes,no,20197,36.5576667785645,secondary
435,ND,1997,7123,0.014740980230272,0.490000009536743,yes,no,yes,no,20103,36.7187118530273,secondary
436,NE,1983,11534,0.022108549252152,0.109999999403954,no,no,no,no,11401,34.8577575683594,no
437,NE,1984,11968,0.02381350286305,0.150000005960464,no,no,no,no,12658,34.9607315063477,no
438,NE,1985,12054,0.019661523401737,0.449999988079071,no,no,yes,no,13392,35.074836730957,no
439,NE,1986,12630,0.02296120300889,0.379999995231628,no,no,yes,no,13875,35.2340087890625,no
440,NE,1987,13091,0.022687342017889,0.28999999165535,yes,no,yes,no,14634,35.4146499633789,no
441,NE,1988,13407,0.019467443227768,0.310000002384186,yes,no,yes,no,15511,35.5483627319336,no
442,NE,1989,13781,0.021478848531842,0.319999992847443,yes,no,yes,no,16371,35.6209182739258,no
443,NE,1990,13958,0.018770597875118,0.330000013113022,yes,no,yes,no,17536,35.6822738647461,no
444,NE,1991,14095,0.01951046474278,0.319999992847443,yes,no,yes,no,18012,35.6953544616699,no
445,NE,1992,14621,0.018398193642497,0.330000013113022,yes,no,yes,no,19157,35.8256530761719,no
446,NE,1993,14777,0.017188875004649,0.540000021457672,yes,no,yes,no,19714,35.9014320373535,secondary
447,NE,1994,15466,0.017522307112813,0.629999995231628,yes,no,yes,no,20365,35.9754638671875,secondary
448,NE,1995,15807,0.016068831086159,0.639999985694885,yes,yes,yes,no,21029,36.0869827270508,secondary
449,NE,1996,16238,0.018044093623757,0.649999976158142,yes,yes,yes,no,22847,36.1739807128906,secondary
450,NE,1997,17077,0.017684604972601,0.629999995231628,yes,yes,yes,no,23618,36.2244834899902,secondary
451,NH,1983,7181,0.026597967371345,NA,no,no,no,no,13011,34.5031433105469,no
452,NH,1984,7294,0.02632300555706,NA,no,no,no,no,14518,34.6343460083008,no
453,NH,1985,7538,0.025338286533952,NA,no,no,yes,no,15842,34.7415580749512,no
454,NH,1986,7913,0.02173638343811,0.262999981641769,no,no,yes,no,17033,34.7473373413086,no
455,NH,1987,9167,0.019526563584805,0.273400008678436,yes,no,yes,no,18362,34.7973136901855,no
456,NH,1988,9507,0.017460817471147,0.3716000020504,yes,no,yes,no,19733,34.7461547851562,no
457,NH,1989,9819,0.019044708460569,0.504700005054474,yes,no,yes,no,20559,34.7348289489746,no
458,NH,1990,9844,0.016050385311246,0.517400026321411,yes,no,yes,no,20728,34.9672431945801,no
459,NH,1991,9935,0.014494212344289,0.485999971628189,yes,no,yes,no,21390,35.0724792480469,no
460,NH,1992,10067,0.012118804268539,0.497000008821487,yes,no,yes,no,22234,35.2467498779297,no
461,NH,1993,10342,0.011699864640832,0.505699992179871,yes,no,yes,no,22710,35.4104270935059,no
462,NH,1994,10501,0.011332253925502,0.537000000476837,yes,no,yes,yes,24119,35.5683631896973,no
463,NH,1995,10643,0.011087099090219,0.570299983024597,yes,no,yes,yes,25313,35.7723693847656,no
464,NH,1996,10987,0.012196231633425,0.56029999256134,yes,no,yes,yes,26418,35.9753799438477,no
465,NH,1997,11202,0.011158721521497,0.577000021934509,yes,no,yes,yes,27766,36.130786895752,no
466,NJ,1983,52217,0.017848594114184,NA,no,no,yes,no,15080,35.970645904541,no
467,NJ,1984,52312,0.017625018954277,0.180000007152557,no,no,yes,no,16680,36.0948905944824,no
468,NJ,1985,53108,0.018151691183448,0.400000005960464,no,no,yes,no,17807,36.2127380371094,secondary
469,NJ,1986,55350,0.018771454691887,0.352999985218048,no,no,yes,no,18900,36.2862434387207,secondary
470,NJ,1987,57071,0.017925040796399,0.350999981164932,no,no,yes,no,20391,36.3760681152344,secondary
471,NJ,1988,58725,0.017896978184581,0.414000004529953,no,no,yes,no,22302,36.4330635070801,secondary
472,NJ,1989,59898,0.014875288121402,0.440999984741211,no,no,yes,no,23751,36.4828796386719,secondary
473,NJ,1990,58923,0.015036572702229,0.504000008106232,no,no,yes,no,24883,36.6353073120117,secondary
474,NJ,1991,59289,0.013206496834755,0.525999963283539,no,no,yes,no,25328,36.6651344299316,secondary
475,NJ,1992,59410,0.012842955999076,0.713000059127808,no,no,yes,no,26749,36.7508659362793,secondary
476,NJ,1993,59726,0.013210327364504,0.641999959945679,no,no,yes,no,27457,36.7940292358398,secondary
477,NJ,1994,60466,0.012585585005581,0.610000014305115,no,no,yes,no,28333,36.8206977844238,secondary
478,NJ,1995,61012,0.012686029076576,0.60699999332428,no,no,yes,no,29568,36.8855895996094,secondary
479,NJ,1996,62334,0.01305868383497,0.602999985218048,no,no,yes,no,30892,36.9950523376465,secondary
480,NJ,1997,63308,0.012241738848388,0.620000004768372,no,no,yes,no,32356,37.1077690124512,secondary
481,NM,1983,11678,0.045470114797354,NA,no,no,yes,no,10072,31.9930572509766,no
482,NM,1984,12432,0.039977476000786,NA,no,no,yes,no,10861,32.1518058776855,no
483,NM,1985,13269,0.040319543331862,NA,no,no,yes,no,11592,32.3508529663086,no
484,NM,1986,13171,0.037886265665293,NA,no,no,yes,no,11820,32.5593185424805,primary
485,NM,1987,15116,0.037576079368591,NA,yes,no,yes,no,12257,32.7751045227051,primary
486,NM,1988,15283,0.03186547011137,NA,yes,no,yes,no,12865,32.9502334594727,primary
487,NM,1989,15839,0.033966790884733,NA,yes,no,yes,no,13619,33.181468963623,primary
488,NM,1990,16148,0.030901659280062,0.589999973773956,yes,no,yes,no,14480,33.487133026123,primary
489,NM,1991,16773,0.027961604297161,0.670000016689301,yes,no,yes,no,15069,33.59814453125,primary
490,NM,1992,18452,0.024929547682405,0.660000026226044,yes,no,yes,no,15762,33.7402877807617,primary
491,NM,1993,18945,0.022750066593289,0.75,yes,no,yes,no,16559,33.7953758239746,primary
492,NM,1994,20480,0.021826172247529,0.790000021457672,yes,no,yes,yes,17150,33.9529418945312,primary
493,NM,1995,21147,0.022934695705771,0.860000014305115,yes,yes,yes,yes,18029,34.1326599121094,primary
494,NM,1996,21510,0.022547652944922,0.850000023841858,yes,yes,yes,yes,18634,34.373046875,primary
495,NM,1997,21937,0.022063180804253,0.870000004768372,yes,yes,yes,yes,19298,34.5382614135742,primary
496,NV,1983,6872,0.036816064268351,NA,no,no,yes,no,13151,33.6105117797852,no
497,NV,1984,7332,0.033960718661547,NA,no,no,yes,no,14100,33.9355850219727,no
498,NV,1985,7566,0.034232091158629,NA,no,no,yes,no,14920,34.1625022888184,no
499,NV,1986,7986,0.029176058247685,0.207999989390373,no,no,yes,no,15635,34.3875007629395,no
500,NV,1987,8396,0.031205335631967,0.34400001168251,yes,no,yes,no,16422,34.5504379272461,secondary
501,NV,1988,8989,0.03181666508317,0.314000010490417,yes,no,yes,no,17688,34.6484909057617,secondary
502,NV,1989,9408,0.032738097012043,NA,yes,no,yes,no,19084,34.8247871398926,secondary
503,NV,1990,10215,0.03357807174325,0.379999995231628,yes,no,yes,no,20209,34.8213310241699,secondary
504,NV,1991,10510,0.028353948146105,0.638000011444092,yes,no,yes,no,20596,35.121265411377,secondary
505,NV,1992,10897,0.023309167474508,0.633000016212463,yes,no,yes,no,21730,35.3917655944824,secondary
506,NV,1993,11624,0.022625602781773,0.699000000953674,yes,no,yes,no,22388,35.4687385559082,secondary
507,NV,1994,13019,0.022582380101085,0.706999957561493,yes,no,yes,no,23391,35.5473709106445,secondary
508,NV,1995,13974,0.022398740053177,0.709999978542328,yes,yes,yes,no,24541,35.6546440124512,secondary
509,NV,1996,14158,0.024579742923379,0.700999975204468,yes,yes,yes,no,25877,35.7111892700195,secondary
510,NV,1997,16309,0.021276595070958,0.700999975204468,yes,yes,yes,no,26514,35.7254180908203,secondary
511,NY,1983,83783,0.024790231138468,NA,no,no,no,no,14038,35.7384147644043,no
512,NY,1984,87268,0.02360544539988,0.159999996423721,no,no,no,no,15615,35.8126106262207,no
513,NY,1985,90518,0.022161338478327,0.514999985694885,no,no,yes,no,16613,35.8810882568359,primary
514,NY,1986,94716,0.022393260151148,0.479999989271164,no,no,yes,no,17709,35.9508514404297,primary
515,NY,1987,98002,0.023866860195994,0.639999985694885,no,no,yes,no,18871,36.0376586914062,primary
516,NY,1988,103692,0.021756740286946,0.589999973773956,no,no,yes,no,20433,36.0780792236328,primary
517,NY,1989,106059,0.021308893337846,0.600000023841858,no,no,yes,no,21820,36.110179901123,primary
518,NY,1990,106902,0.020738620311022,0.629999995231628,no,no,yes,no,23106,36.2656860351562,primary
519,NY,1991,107661,0.018651137128472,0.670000016689301,no,no,yes,no,23600,36.2396659851074,primary
520,NY,1992,109881,0.016517870128155,0.689999997615814,no,no,yes,no,24801,36.3025550842285,primary
521,NY,1993,112240,0.015947967767716,0.720000028610229,no,no,yes,no,25373,36.355712890625,primary
522,NY,1994,112970,0.014853500761092,0.720000028610229,no,no,yes,no,26242,36.4160118103027,primary
523,NY,1995,115091,0.014588455669582,0.720000028610229,yes,no,yes,no,27587,36.5250282287598,primary
524,NY,1996,118641,0.013418632559478,0.740000009536743,yes,no,yes,no,29015,36.6409149169922,primary
525,NY,1997,120778,0.013677987270057,0.740000009536743,yes,no,yes,no,30250,36.7865180969238,primary
526,OH,1983,73214,0.021607888862491,0.129999995231628,no,no,no,no,11850,34.5567436218262,no
527,OH,1984,74895,0.021977435797453,0.150000005960464,no,no,no,no,13077,34.7169036865234,no
528,OH,1985,75549,0.021787185221911,0.189999997615814,no,no,no,no,13843,34.8936347961426,no
529,OH,1986,81348,0.020565964281559,0.490000009536743,no,no,no,no,14458,35.0752105712891,secondary
530,OH,1987,79157,0.022385891526938,0.409999996423721,yes,no,yes,no,15156,35.2647323608398,secondary
531,OH,1988,81990,0.021319672465324,0.389999985694885,yes,no,yes,no,16187,35.4069290161133,secondary
532,OH,1989,84418,0.02099078334868,0.430000007152557,yes,no,yes,no,17203,35.5240440368652,secondary
533,OH,1990,86972,0.01883364841342,0.465000003576279,yes,no,yes,no,18116,35.7813835144043,secondary
534,OH,1991,93002,0.017591020092368,0.529999971389771,yes,no,yes,no,18589,35.8345565795898,secondary
535,OH,1992,95221,0.015112212859094,0.579999983310699,yes,no,yes,no,19482,35.9646530151367,secondary
536,OH,1993,96992,0.015238369815052,0.616999983787537,yes,no,yes,no,20228,36.096305847168,secondary
537,OH,1994,98200,0.013951119966805,0.620999991893768,yes,no,yes,no,21237,36.2041435241699,secondary
538,OH,1995,100788,0.013493670150638,0.627000033855438,yes,no,yes,no,22217,36.357307434082,secondary
539,OH,1996,103090,0.013493063859642,0.624000012874603,yes,no,yes,no,23054,36.4983787536621,secondary
540,OH,1997,103675,0.0138895586133,0.651999950408936,yes,no,yes,no,24163,36.5847434997559,secondary
541,OK,1983,29565,0.028682563453913,NA,no,no,yes,no,11517,34.3506698608398,no
542,OK,1984,30981,0.0257254447788,NA,no,no,yes,no,12378,34.4498596191406,no
543,OK,1985,31181,0.02386068366468,NA,no,no,yes,no,12894,34.5743637084961,no
544,OK,1986,30833,0.022638082504273,0.160999998450279,no,no,yes,no,12918,34.7666053771973,no
545,OK,1987,31606,0.018888818100095,0.351500004529953,yes,no,yes,no,13068,34.9586181640625,secondary
546,OK,1988,32388,0.019698653370142,0.319999992847443,yes,no,yes,no,13833,35.2189254760742,secondary
547,OK,1989,32836,0.019734438508749,0.305000007152557,yes,no,yes,no,14691,35.5005226135254,secondary
548,OK,1990,33081,0.019376682117581,0.335999995470047,yes,no,yes,no,15613,35.6955909729004,secondary
549,OK,1991,34240,0.019042056053877,0.370000004768372,yes,no,yes,no,16100,35.7419357299805,secondary
550,OK,1992,35119,0.017454938963056,0.44200000166893,yes,no,yes,no,16832,35.8328514099121,secondary
551,OK,1993,35529,0.018885981291533,0.465999990701675,yes,no,yes,no,17419,35.9176559448242,secondary
552,OK,1994,36980,0.018577609211206,0.449999988079071,yes,no,yes,no,17984,36.003173828125,secondary
553,OK,1995,38489,0.017381589859724,0.464000016450882,yes,yes,yes,no,18544,36.115291595459,secondary
554,OK,1996,39427,0.019580490887165,0.474999994039536,yes,yes,yes,no,19342,36.2535057067871,secondary
555,OK,1997,41400,0.020241545513272,0.474000006914139,yes,yes,yes,no,20305,36.3504867553711,secondary
556,OR,1983,20557,0.026754876598716,NA,no,no,yes,yes,11451,34.810848236084,no
557,OR,1984,20943,0.02731222845614,NA,no,no,yes,yes,12409,35.0597190856934,no
558,OR,1985,21458,0.026050889864564,NA,no,no,yes,yes,13065,35.2933616638184,no
559,OR,1986,22741,0.02721955999732,NA,no,no,yes,yes,13657,35.5423698425293,no
560,OR,1987,23332,0.026530086994171,NA,yes,no,yes,yes,14282,35.8024673461914,no
561,OR,1988,25204,0.026860816404223,0.469999998807907,yes,no,yes,yes,15313,36.0064086914062,primary
562,OR,1989,25820,0.024244772270322,0.479999989271164,yes,no,yes,yes,16387,36.1144905090332,no
563,OR,1990,26738,0.021654574200511,0.5,yes,no,yes,yes,17423,35.991096496582,no
564,OR,1991,25762,0.018709726631641,0.699999988079071,yes,no,yes,yes,17895,36.1259117126465,primary
565,OR,1992,27926,0.016866002231836,0.75,yes,no,yes,yes,18678,36.2737312316895,primary
566,OR,1993,28352,0.018446670845151,0.800000011920929,yes,no,yes,yes,19518,36.456241607666,primary
567,OR,1994,29453,0.016772484406829,0.810000002384186,yes,no,yes,yes,20508,36.5710678100586,primary
568,OR,1995,30034,0.019111674278975,0.829999983310699,yes,no,yes,yes,21618,36.6995964050293,primary
569,OR,1996,30319,0.017348857596517,0.829999983310699,yes,no,yes,yes,22894,36.8519554138184,primary
570,OR,1997,32268,0.016238998621702,0.850000023841858,yes,no,yes,yes,23920,36.9330825805664,primary
571,PA,1983,72302,0.023802937939763,NA,no,no,yes,no,12199,36.4672584533691,no
572,PA,1984,74297,0.023244544863701,NA,no,no,yes,no,13200,36.6432266235352,no
573,PA,1985,75428,0.023479344323278,NA,no,no,yes,no,14104,36.8259391784668,no
574,PA,1986,77636,0.024395897984505,NA,no,no,yes,no,14845,36.9443054199219,no
575,PA,1987,78626,0.025271538645029,NA,no,no,yes,no,15765,37.0925254821777,no
576,PA,1988,81238,0.023769663646817,NA,no,no,yes,no,16927,37.2020950317383,secondary
577,PA,1989,83855,0.022383876144886,0.495000004768372,no,no,yes,no,18264,37.3045463562012,secondary
578,PA,1990,85708,0.019204741343856,0.530999958515167,no,no,yes,no,19371,37.4025268554688,secondary
579,PA,1991,87282,0.019030269235373,0.60400003194809,no,no,yes,no,19975,37.4460563659668,secondary
580,PA,1992,89200,0.017320627346635,0.629999995231628,no,no,yes,no,20950,37.5555038452148,secondary
581,PA,1993,90706,0.016856657341123,0.675000011920929,no,no,yes,no,21635,37.652774810791,secondary
582,PA,1994,92347,0.015604188665748,0.709999978542328,no,no,yes,no,22343,37.7525024414062,secondary
583,PA,1995,94520,0.015658061951399,0.709999978542328,yes,no,yes,no,23268,37.8982887268066,secondary
584,PA,1996,96646,0.015199800953269,0.649999976158142,yes,no,yes,no,24533,38.0751838684082,secondary
585,PA,1997,98015,0.015885323286057,0.646999955177307,yes,no,yes,no,25670,38.19384765625,secondary
586,RI,1983,6014,0.016627868637443,NA,no,no,no,no,12293,36.4482002258301,no
587,RI,1984,5300,0.014905660413206,NA,no,no,yes,no,13540,36.5831871032715,no
588,RI,1985,5823,0.018718874081969,NA,no,no,yes,no,14403,36.6583061218262,no
589,RI,1986,5429,0.022840302437544,NA,no,no,yes,no,15331,36.7114105224609,no
590,RI,1987,6003,0.01882392168045,NA,no,no,yes,no,16412,36.7376327514648,no
591,RI,1988,5853,0.021356569603086,NA,no,no,yes,no,17900,36.7779235839844,no
592,RI,1989,6740,0.014836795628071,NA,no,no,yes,no,19184,36.838565826416,no
593,RI,1990,7024,0.011958997696638,0.28999999165535,no,no,yes,no,19698,36.9734916687012,no
594,RI,1991,7152,0.012304250150919,0.280000001192093,no,no,yes,no,19982,36.9709434509277,no
595,RI,1992,7676,0.010291818529367,0.319999992847443,no,no,yes,no,20819,37.0974807739258,secondary
596,RI,1993,7227,0.010239380411804,0.319999992847443,no,no,yes,no,21735,37.1461753845215,secondary
597,RI,1994,7095,0.008879492990673,0.579999983310699,no,no,yes,no,22315,37.2888412475586,secondary
598,RI,1995,6896,0.010005800053477,0.579999983310699,yes,no,yes,no,23520,37.4534454345703,secondary
599,RI,1996,7120,0.009691011160612,0.579999983310699,yes,no,yes,no,24356,37.6621322631836,secondary
600,RI,1997,7071,0.010606703348458,0.579999983310699,yes,no,yes,no,25667,37.7357559204102,secondary
601,SC,1983,24977,0.033791087567806,NA,no,no,no,no,9517,32.951904296875,no
602,SC,1984,25971,0.035270109772682,NA,no,no,no,no,10518,33.1735572814941,no
603,SC,1985,26677,0.035648684948683,0.128000006079674,no,no,no,no,11206,33.428409576416,no
604,SC,1986,28250,0.037486724555492,NA,no,no,yes,no,11774,33.6027183532715,no
605,SC,1987,30224,0.035931710153818,NA,yes,no,yes,no,12522,33.8424911499023,no
606,SC,1988,31759,0.032463237643242,NA,yes,no,yes,no,13468,34.0427322387695,no
607,SC,1989,32780,0.030384380370379,NA,yes,no,yes,no,14180,34.2172546386719,no
608,SC,1990,34376,0.028479171916843,0.490000009536743,yes,no,yes,no,15427,34.6017532348633,secondary
609,SC,1991,34456,0.0258300434798,0.495000004768372,yes,no,yes,no,15710,34.7251052856445,secondary
610,SC,1992,35049,0.023024907335639,0.540000021457672,yes,no,yes,no,16410,34.9480667114258,secondary
611,SC,1993,36125,0.023418685421348,0.587000012397766,yes,no,yes,no,17091,35.1738510131836,secondary
612,SC,1994,37245,0.022741308435798,0.639999985694885,yes,no,yes,no,17914,35.380485534668,secondary
613,SC,1995,38724,0.022750748321414,0.639999985694885,yes,no,yes,no,18789,35.6416358947754,secondary
614,SC,1996,39756,0.02339269593358,0.610000014305115,yes,no,yes,no,19651,35.8622512817383,secondary
615,SC,1997,41333,0.021846950054169,0.610000014305115,yes,no,yes,no,20508,36.0674018859863,secondary
616,SD,1983,6317,0.027703024446964,NA,no,no,no,no,9782,34.5464668273926,no
617,SD,1984,6401,0.022340258583427,NA,no,no,no,no,11117,34.6322555541992,no
618,SD,1985,6277,0.020710529759526,NA,no,no,no,no,11440,34.7425193786621,no
619,SD,1986,6238,0.021481243893504,NA,no,no,no,no,12012,34.8838920593262,no
620,SD,1987,6209,0.021581575274468,NA,yes,no,yes,no,12683,35.063835144043,no
621,SD,1988,6634,0.022158576175571,NA,yes,no,yes,no,13183,35.217529296875,no
622,SD,1989,6704,0.022673031315208,0.259999990463257,yes,no,yes,no,14038,35.3549690246582,no
623,SD,1990,6989,0.021891543641686,0.259999990463257,yes,no,yes,no,15488,35.4757232666016,no
624,SD,1991,6711,0.021308299154043,0.330000013113022,yes,no,yes,no,16014,35.4912528991699,no
625,SD,1992,7218,0.022305347025394,0.419999986886978,yes,no,yes,no,17055,35.4570159912109,no
626,SD,1993,7413,0.018885741010308,0.259999990463257,yes,no,yes,no,17600,35.5410537719727,no
627,SD,1994,7631,0.020180841907859,0.400000005960464,yes,no,yes,no,18568,35.6739082336426,no
628,SD,1995,7669,0.020602425560355,0.400000005960464,yes,yes,yes,no,18724,35.8271522521973,secondary
629,SD,1996,7817,0.02238710410893,0.469999998807907,yes,yes,yes,no,20450,36.0470199584961,secondary
630,SD,1997,7938,0.01864449493587,0.589999973773956,yes,yes,yes,no,21076,36.1457481384277,secondary
631,TN,1983,36261,0.028598219156265,NA,no,no,no,no,10005,34.6253890991211,no
632,TN,1984,36523,0.029981108382344,NA,no,no,yes,no,11123,34.8205986022949,no
633,TN,1985,36258,0.030365712940693,NA,no,no,yes,no,11872,35.0393905639648,no
634,TN,1986,39521,0.031122693791986,NA,no,no,yes,no,12624,35.2237129211426,secondary
635,TN,1987,42126,0.02960167080164,NA,yes,no,yes,no,13483,35.4170761108398,secondary
636,TN,1988,44193,0.028647070750594,NA,yes,no,yes,no,14482,35.5179405212402,secondary
637,TN,1989,45639,0.023839259520173,NA,yes,no,yes,no,15438,35.6518058776855,secondary
638,TN,1990,46710,0.02519803121686,0.430000007152557,yes,no,yes,no,16309,35.8526458740234,secondary
639,TN,1991,47267,0.02354708313942,0.509999990463257,yes,no,yes,no,16976,35.9328079223633,secondary
640,TN,1992,49994,0.023062767460942,0.579999983310699,yes,no,yes,no,18256,36.0331039428711,secondary
641,TN,1993,52112,0.022451642900705,0.583700001239777,yes,no,yes,no,19139,36.1037292480469,secondary
642,TN,1994,54524,0.022265424951911,0.600899994373322,yes,no,yes,no,20088,36.1798553466797,secondary
643,TN,1995,56214,0.022396555170417,0.64190000295639,yes,no,yes,no,21109,36.2995910644531,secondary
644,TN,1996,58435,0.021203046664596,0.633100032806396,yes,no,yes,no,21800,36.4520797729492,secondary
645,TN,1997,60526,0.020239235833287,0.606700003147125,yes,no,yes,no,22699,36.5962409973145,secondary
646,TX,1983,131883,0.028987815603614,NA,no,no,no,no,12206,32.3423271179199,no
647,TX,1984,137737,0.028401954099536,NA,no,no,no,no,13227,32.4172248840332,no
648,TX,1985,143263,0.025673063471913,NA,no,no,yes,no,13980,32.4880104064941,no
649,TX,1986,148348,0.024044813588262,NA,no,no,yes,no,13972,32.5401916503906,primary
650,TX,1987,151186,0.021562842652202,NA,yes,no,yes,no,14267,32.6717147827148,primary
651,TX,1988,156458,0.021679939702153,NA,yes,no,yes,no,15118,32.8107833862305,primary
652,TX,1989,159512,0.021126937121153,NA,yes,no,yes,no,16110,33.0272750854492,primary
653,TX,1990,162232,0.020033039152622,0.680000007152557,yes,no,yes,no,17290,33.2351913452148,primary
654,TX,1991,158756,0.019388243556023,0.680000007152557,yes,no,yes,no,17985,33.3379936218262,primary
655,TX,1992,163329,0.018729068338871,0.689999997615814,yes,no,yes,no,18886,33.4671211242676,primary
656,TX,1993,167611,0.018155133351684,0.689999997615814,yes,no,yes,no,19606,33.5547866821289,primary
657,TX,1994,178348,0.017869558185339,0.709999978542328,yes,no,yes,no,20312,33.635929107666,primary
658,TX,1995,181096,0.01757631264627,0.720000028610229,yes,yes,yes,no,21320,33.7575454711914,primary
659,TX,1996,185386,0.02018491178751,0.740000009536743,yes,yes,yes,no,22345,33.8412666320801,primary
660,TX,1997,198700,0.017679918557406,0.75,yes,yes,yes,no,23707,33.9524803161621,primary
661,UT,1983,11221,0.025220569223166,NA,no,no,yes,yes,9582,28.5542774200439,no
662,UT,1984,11661,0.027013121172786,NA,no,no,yes,yes,10429,28.7357196807861,no
663,UT,1985,12037,0.0251723844558,NA,no,no,yes,yes,11017,28.9151096343994,no
664,UT,1986,12100,0.025867769494653,NA,no,no,yes,yes,11380,29.123067855835,secondary
665,UT,1987,12679,0.023424560204148,NA,yes,no,yes,yes,11862,29.2732162475586,secondary
666,UT,1988,13263,0.022393124178052,NA,yes,no,yes,yes,12450,29.5071086883545,secondary
667,UT,1989,13915,0.021775063127279,NA,yes,no,yes,yes,13238,29.7452621459961,secondary
668,UT,1990,14646,0.018571624532342,0.389999985694885,yes,no,yes,yes,14214,30.1241493225098,secondary
669,UT,1991,15391,0.017607692629099,0.449999988079071,yes,no,yes,yes,14855,30.2485408782959,secondary
670,UT,1992,16307,0.016495984047651,0.5,yes,no,yes,yes,15561,30.4318408966064,secondary
671,UT,1993,17056,0.017765009775758,0.5,yes,no,yes,yes,16359,30.5395908355713,secondary
672,UT,1994,18078,0.018973337486386,0.529999971389771,yes,no,yes,yes,17004,30.7426891326904,secondary
673,UT,1995,18781,0.017304722219706,0.560000002384186,yes,yes,yes,yes,18054,30.8918952941895,secondary
674,UT,1996,19539,0.016428681090474,0.600000023841858,yes,yes,yes,yes,19214,30.9553375244141,secondary
675,UT,1997,20444,0.017902562394738,0.629999995231628,yes,yes,yes,yes,20185,30.9970645904541,secondary
676,VA,1983,42299,0.021300740540028,NA,no,no,no,no,12589,33.8828811645508,no
677,VA,1984,44527,0.022750241681933,NA,no,no,no,no,13926,34.0658760070801,no
678,VA,1985,47928,0.020363878458738,0.275000005960464,no,no,no,no,14906,34.2182388305664,no
679,VA,1986,51726,0.021768549457192,0.347000002861023,no,no,yes,no,15837,34.3118133544922,no
680,VA,1987,54834,0.018619833514094,0.324999988079071,no,no,yes,no,16884,34.3914756774902,no
681,VA,1988,57453,0.018658729270101,0.630999982357025,yes,no,yes,no,18064,34.4999580383301,secondary
682,VA,1989,59337,0.016920302063227,0.52700001001358,yes,no,yes,no,19244,34.5945816040039,secondary
683,VA,1990,60178,0.017930140718818,0.544000029563904,yes,no,yes,no,20021,34.8775329589844,secondary
684,VA,1991,61099,0.015515802428126,0.575999975204468,yes,no,yes,no,20498,34.9841499328613,secondary
685,VA,1992,63447,0.013223635032773,0.715999960899353,yes,no,yes,no,21280,35.1587867736816,secondary
686,VA,1993,64171,0.013697776012123,0.73199999332428,yes,no,yes,no,22133,35.3333435058594,secondary
687,VA,1994,67609,0.0137555655092,0.718000054359436,yes,no,yes,yes,23031,35.4996147155762,secondary
688,VA,1995,69811,0.012891951017082,0.701999962329865,yes,no,yes,yes,23943,35.6693115234375,secondary
689,VA,1996,71302,0.012299795635045,0.695999979972839,yes,no,yes,yes,24950,35.8557472229004,secondary
690,VA,1997,70320,0.013993173837662,0.671000003814697,yes,no,yes,yes,26109,35.9941482543945,secondary
691,VT,1983,4151,0.022645145654678,NA,no,no,no,no,10813,34.1230010986328,no
692,VT,1984,4403,0.025891438126564,NA,no,no,no,no,11857,34.2462120056152,no
693,VT,1985,4688,0.024530716240406,0.181000009179115,no,no,no,no,12800,34.4029426574707,no
694,VT,1986,4778,0.022812891751528,0.217999994754791,no,no,yes,no,13675,34.5319519042969,no
695,VT,1987,5039,0.023615796118975,NA,yes,no,yes,no,14750,34.6622619628906,no
696,VT,1988,5553,0.023230686783791,0.302000015974045,yes,no,yes,no,15948,34.794116973877,no
697,VT,1989,5765,0.020121421664953,0.357999980449677,yes,no,yes,no,17215,34.9152412414551,no
698,VT,1990,5838,0.015416238456965,0.39300000667572,yes,no,yes,yes,17677,35.0224647521973,no
699,VT,1991,5870,0.01873935200274,0.41499999165535,yes,no,yes,yes,17899,35.1350440979004,no
700,VT,1992,6019,0.015949493274093,0.465999990701675,yes,no,yes,yes,18883,35.3716430664062,no
701,VT,1993,5976,0.018406961113215,0.537999987602234,yes,no,yes,yes,19392,35.5947685241699,no
702,VT,1994,6152,0.012516254559159,0.675999999046326,yes,no,yes,yes,20196,35.8175392150879,secondary
703,VT,1995,6206,0.017080245539546,0.671999990940094,yes,no,yes,yes,21246,36.1044578552246,secondary
704,VT,1996,6377,0.01379959192127,0.689999997615814,yes,no,yes,yes,22179,36.4380493164062,secondary
705,VT,1997,6466,0.01484689116478,0.708999991416931,yes,no,yes,yes,23017,36.7679595947266,secondary
706,WA,1983,36144,0.019311642274261,NA,no,no,yes,no,12925,34.0685386657715,no
707,WA,1984,34248,0.021782293915749,NA,no,no,yes,no,13745,34.2658348083496,no
708,WA,1985,34375,0.021643636748195,NA,no,no,yes,no,14432,34.3894538879395,no
709,WA,1986,35993,0.019531575962901,0.360000014305115,no,no,yes,no,15243,34.5488815307617,no
710,WA,1987,38520,0.020249221473932,0.514999985694885,yes,no,yes,no,15939,34.6830558776855,secondary
711,WA,1988,41813,0.018606653437018,0.529999971389771,yes,no,yes,no,16884,34.7814712524414,secondary
712,WA,1989,43233,0.01806490495801,0.550000011920929,yes,no,yes,no,18211,34.8549461364746,secondary
713,WA,1990,44695,0.018458440899849,0.550000011920929,yes,no,yes,no,19605,34.8150367736816,secondary
714,WA,1991,46449,0.014682770706713,0.675000011920929,yes,no,yes,no,20401,34.9219398498535,secondary
715,WA,1992,49386,0.013181873597205,0.675000011920929,yes,no,yes,no,21436,35.0358505249023,secondary
716,WA,1993,46135,0.014327516779304,0.709999978542328,yes,no,yes,no,22024,35.1812362670898,secondary
717,WA,1994,47428,0.013494138605893,0.764999985694885,yes,no,yes,no,22687,35.3267478942871,secondary
718,WA,1995,49250,0.013258882798255,0.800000011920929,yes,yes,yes,no,23677,35.4820289611816,secondary
719,WA,1996,49405,0.014411496929824,0.839999973773956,yes,yes,yes,no,24958,35.6176986694336,secondary
720,WA,1997,51044,0.013204294256866,0.819999992847443,yes,yes,yes,no,26451,35.7070693969727,secondary
721,WI,1983,34106,0.021257257089019,NA,no,no,no,no,11796,34.6090469360352,no
722,WI,1984,35367,0.023242006078363,NA,no,no,no,no,12941,34.7629814147949,no
723,WI,1985,36679,0.020284086465836,NA,no,no,no,no,13586,34.9069213867188,no
724,WI,1986,38428,0.01943895034492,NA,no,no,yes,no,14285,35.0337715148926,no
725,WI,1987,40196,0.019827842712402,0.262999981641769,yes,no,yes,no,15017,35.1851539611816,no
726,WI,1988,42458,0.019007017835975,0.559000015258789,yes,no,yes,no,15806,35.3046417236328,secondary
727,WI,1989,43086,0.018962075933814,NA,yes,no,yes,no,16827,35.3926429748535,secondary
728,WI,1990,44277,0.01736793294549,0.519999980926514,yes,no,yes,no,17692,35.4577407836914,secondary
729,WI,1991,45458,0.017532667145133,0.579999983310699,yes,no,yes,no,18237,35.542366027832,secondary
730,WI,1992,47628,0.013689426705241,0.589999973773956,yes,no,yes,no,19331,35.6845359802246,secondary
731,WI,1993,49167,0.014521935023367,0.639999985694885,yes,no,yes,no,20009,35.8394775390625,secondary
732,WI,1994,50273,0.014162671752274,0.639999985694885,yes,no,yes,no,21012,35.9472885131836,secondary
733,WI,1995,51396,0.014495291747153,0.639999985694885,yes,no,yes,no,21960,36.1148643493652,secondary
734,WI,1996,52782,0.014417793601751,0.610000014305115,yes,no,yes,no,22987,36.273738861084,secondary
735,WI,1997,54404,0.013326225802302,0.620000004768372,yes,no,yes,no,24048,36.3724708557129,secondary
736,WV,1983,11696,0.036337208002806,NA,no,no,no,no,9417,35.215950012207,no
737,WV,1984,12671,0.03456712141633,NA,no,no,no,no,10158,35.4891967773438,no
738,WV,1985,12664,0.033164877444506,NA,no,no,no,no,10643,35.8087158203125,no
739,WV,1986,13181,0.033381383866072,NA,no,no,yes,no,11169,36.0937995910645,no
740,WV,1987,13742,0.034274488687515,NA,yes,no,yes,no,11632,36.4361457824707,no
741,WV,1988,13884,0.033131662756205,NA,yes,no,yes,no,12399,36.7645111083984,no
742,WV,1989,14940,0.031325303018093,NA,yes,no,yes,no,13149,37.0912094116211,no
743,WV,1990,15418,0.031197302043438,0.430000007152557,yes,no,yes,no,14176,37.2814750671387,no
744,WV,1991,16026,0.025833021849394,0.430000007152557,yes,no,yes,no,14815,37.3765487670898,no
745,WV,1992,16478,0.025488529354334,0.330000013113022,yes,no,yes,no,15679,37.530590057373,no
746,WV,1993,16778,0.025569198653102,0.550000011920929,yes,no,yes,no,16306,37.6730117797852,secondary
747,WV,1994,17112,0.020804114639759,0.579999983310699,yes,no,yes,no,16948,37.8315200805664,secondary
748,WV,1995,17421,0.021640548482537,0.579999983310699,yes,no,yes,no,17441,37.9718208312988,secondary
749,WV,1996,17693,0.0196687951684,0.579999983310699,yes,no,yes,no,18116,38.2092247009277,secondary
750,WV,1997,18324,0.020792404189706,0.579999983310699,yes,no,yes,no,18724,38.4357452392578,secondary
751,WY,1983,5059,0.034196481108666,NA,no,no,no,no,12352,31.1406364440918,no
752,WY,1984,5127,0.030622195452452,NA,no,no,no,no,12983,31.4333190917969,no
753,WY,1985,5401,0.028142936527729,NA,no,no,no,no,13669,31.7466506958008,no
754,WY,1986,5373,0.031267449259758,NA,no,no,no,no,13455,32.0045547485352,no
755,WY,1987,5349,0.024116657674313,NA,yes,no,no,no,13582,32.3946189880371,no
756,WY,1988,5658,0.027394838631153,NA,yes,no,yes,no,14317,32.8824424743652,no
757,WY,1989,5750,0.022086955606937,NA,yes,no,yes,no,15535,33.3050346374512,secondary
758,WY,1990,5833,0.021429795771837,0.259999990463257,yes,no,yes,no,17174,33.5469207763672,secondary
759,WY,1991,5998,0.020340112969279,0.660000026226044,yes,no,yes,no,18348,33.7120590209961,secondary
760,WY,1992,6217,0.018980216234922,0.660000026226044,yes,no,yes,no,18704,33.9646682739258,secondary
761,WY,1993,6770,0.017725259065628,0.670000016689301,yes,no,yes,no,19535,34.2143821716309,secondary
762,WY,1994,6689,0.021527880802751,0.699999988079071,yes,no,yes,no,19865,34.4557800292969,secondary
763,WY,1995,7044,0.024134015664458,0.709999978542328,yes,yes,yes,no,20685,34.7666130065918,secondary
764,WY,1996,7360,0.019429348409176,0.720000028610229,yes,yes,yes,no,21524,35.074348449707,secondary
765,WY,1997,7576,0.018083421513438,0.75,yes,yes,yes,no,22596,35.3864631652832,secondary
